,Rk,Tm,G,Cmp,Att,Cmp%,Yds,TD,TD%,Int,Int%,Lng,Y/A,AY/A,Y/C,Y/G,Rate,Sk,NY/A,ANY/A,Sk%,4QC,GWD,EXP,year
0,1,Tampa Bay Buccaneers,16,382,630,60.6,282,33,5.2,30,4.8,71,8.1,7.0,13.4,302.8,84.1,47,7.2,6.1,6.9,2,2,95.89,/years/2019/
1,2,Dallas Cowboys,16,388,597,65.0,151,30,5.0,11,1.8,62,8.2,8.4,12.6,296.9,99.5,23,7.7,7.8,3.7,,,179.23,/years/2019/
2,3,Atlanta Falcons,16,459,684,67.1,335,29,4.2,15,2.2,93,7.4,7.2,11.0,294.6,93.8,50,6.4,6.3,6.8,3,2,129.42,/years/2019/
3,4,Los Angeles Rams,16,397,632,62.8,170,22,3.5,17,2.7,66,7.4,6.9,11.8,281.2,85.6,22,6.9,6.4,3.4,1,2,88.77,/years/2019/
4,5,Kansas City Chiefs,16,378,576,65.6,192,30,5.2,5,0.9,83,8.1,8.8,12.4,281.1,104.4,25,7.5,8.1,4.2,2,2,247.81,/years/2019/
5,6,Los Angeles Chargers,16,394,597,66.0,222,24,4.0,20,3.4,84,7.8,7.1,11.8,276.6,89.0,34,7.0,6.3,5.4,1,2,118.36,/years/2019/
6,7,New Orleans Saints,16,418,581,71.9,187,36,6.2,6,1.0,61,7.6,8.4,10.6,265.3,110.2,25,7.0,7.7,4.1,2,4,180.79,/years/2019/
7,8,New England Patriots,16,378,620,61.0,192,25,4.0,9,1.5,59,6.7,6.9,11.0,247.6,88.2,28,6.1,6.3,4.3,1,1,77.78,/years/2019/
8,9,Oakland Raiders,16,367,523,70.2,184,22,4.2,8,1.5,75,7.9,8.0,11.2,245.4,101.0,29,7.1,7.3,5.3,2,3,109.15,/years/2019/
9,10,Detroit Lions,16,344,571,60.2,287,28,4.9,15,2.6,75,7.3,7.1,12.2,243.8,88.2,43,6.4,6.2,7.0,2,1,69.11,/years/2019/
10,11,Philadelphia Eagles,16,391,613,63.8,230,27,4.4,8,1.3,53,6.6,6.9,10.4,239.6,92.1,37,5.9,6.2,5.7,2,4,81.78,/years/2019/
11,12,Miami Dolphins,16,371,615,60.3,313,22,3.6,18,2.9,51,6.7,6.1,11.1,237.8,80.0,58,5.7,5.1,8.6,3,4,35.26,/years/2019/
12,13,San Francisco 49ers,16,331,478,69.2,237,28,5.9,13,2.7,75,8.4,8.4,12.2,237.0,103.1,36,7.4,7.3,7.0,4,4,149.98,/years/2019/
13,14,Seattle Seahawks,16,341,517,66.0,319,31,6.0,6,1.2,60,7.9,8.6,12.1,236.9,105.3,48,6.7,7.3,8.5,4,5,135.88,/years/2019/
14,15,Houston Texans,16,355,534,66.5,300,27,5.1,14,2.6,54,7.6,7.5,11.5,236.4,95.3,49,6.5,6.3,8.4,3,5,120.55,/years/2019/
15,Rk,Tm,G,Cmp,Att,Cmp%,Yds,TD,TD%,Int,Int%,Lng,Y/A,AY/A,Y/C,Y/G,Rate,Sk,NY/A,ANY/A,Sk%,4QC,GWD,EXP,/years/2019/
16,16,Jacksonville Jaguars,16,364,589,61.8,263,24,4.1,8,1.4,70,6.8,7.0,11.1,235.0,90.0,42,6.0,6.1,6.7,3,3,22.45,/years/2019/
17,17,Green Bay Packers,16,356,573,62.1,284,26,4.5,4,0.7,74,7.0,7.6,11.3,233.3,95.3,36,6.1,6.7,5.9,2,3,133.36,/years/2019/
18,18,New York Giants,16,376,607,61.9,339,30,4.9,17,2.8,75,6.7,6.4,10.8,233.2,86.4,43,5.7,5.5,6.6,1,2,1.19,/years/2019/
19,19,Cincinnati Bengals,16,356,616,57.8,342,18,2.9,16,2.6,66,6.5,5.9,11.2,228.3,76.2,48,5.5,5.0,7.2,,,-25.99,/years/2019/
20,20,Carolina Panthers,16,382,633,60.3,484,17,2.7,21,3.3,52,6.5,5.6,10.8,228.1,74.7,58,5.3,4.4,8.4,0,1,-12.64,/years/2019/
21,21,Tennessee Titans,16,297,448,66.3,374,29,6.5,8,1.8,91,8.8,9.3,13.3,223.9,108.3,56,7.1,7.5,11.1,2,3,94.26,/years/2019/
22,22,Cleveland Browns,16,318,539,59.0,293,22,4.1,21,3.9,89,7.1,6.2,12.1,222.1,78.4,41,6.1,5.3,7.1,1,1,31.79,/years/2019/
23,23,Minnesota Vikings,16,319,466,68.5,206,26,5.6,8,1.7,66,8.0,8.3,11.7,220.2,103.9,28,7.1,7.5,5.7,1,1,124.69,/years/2019/
24,24,Arizona Cardinals,16,355,554,64.1,320,20,3.6,12,2.2,88,6.9,6.6,10.7,217.3,87.0,50,5.8,5.5,8.3,1,2,35.16,/years/2019/
25,25,Chicago Bears,16,371,580,64.0,282,20,3.4,12,2.1,53,6.2,5.9,9.6,205.7,83.9,45,5.3,5.0,7.2,3,3,9.95,/years/2019/
26,26,Buffalo Bills,16,299,513,58.3,247,21,4.1,12,2.3,53,6.8,6.5,11.6,201.8,82.8,40,5.8,5.6,7.2,4,5,14.89,/years/2019/
27,27,Baltimore Ravens,16,289,440,65.7,125,37,8.4,8,1.8,83,7.6,8.5,11.6,201.6,109.0,28,6.9,7.7,6.0,1,2,149.06,/years/2019/
28,28,Denver Broncos,16,312,504,61.9,286,16,3.2,10,2.0,75,6.7,6.5,10.9,194.7,84.1,41,5.7,5.5,7.5,1,2,12.57,/years/2019/
29,29,New York Jets,16,323,521,62.0,332,19,3.6,16,3.1,92,6.6,6.0,10.7,194.4,80.6,52,5.4,4.8,9.1,2,3,-54.05,/years/2019/
30,30,Indianapolis Colts,16,307,513,59.8,206,22,4.3,10,1.9,50,6.5,6.4,10.8,194.3,85.0,32,5.7,5.7,5.9,2,2,51.76,/years/2019/
31,31,Pittsburgh Steelers,16,315,510,61.8,233,18,3.5,19,3.7,79,6.3,5.3,10.2,186.3,76.1,32,5.5,4.6,5.9,1,2,-6.50,/years/2019/
32,32,Washington Redskins,16,298,479,62.2,393,18,3.8,13,2.7,75,6.7,6.2,10.8,175.8,83.0,50,5.3,4.9,9.5,1,1,-45.16,/years/2019/
33,,Avg Team,,354.1,557.9,63.5,269.1,24.9,4.5,12.8,2.3,70,7.2,7.1,11.4,235.0,90.4,39.9,6.29,6.2,6.7,1.8,2.4,73.6,/years/2019/
34,,League Total,,11331,17853,63.5,8610,797,4.5,410,2.3,93,7.2,7.1,11.4,235.0,90.4,1276,6.29,6.2,6.7,58,77,,/years/2019/
35,,Avg Tm/G,,22.1,34.9,63.5,16.8,1.6,4.5,0.8,2.3,,7.2,7.1,11.4,235.0,90.4,2.5,6.29,6.2,6.7,,,,/years/2019/
36,1,Tampa Bay Buccaneers,16,408,625,65.3,233,36,5.8,26,4.2,75,8.6,7.9,13.1,320.3,94.1,41,7.7,7.0,6.2,0,1,159.05,/years/2018/
37,2,Pittsburgh Steelers,16,459,689,66.6,166,35,5.1,17,2.5,97,7.5,7.4,11.3,313.0,95.5,24,7.0,6.9,3.4,2,3,161.94,/years/2018/
38,3,Kansas City Chiefs,16,385,583,66.0,171,50,8.6,12,2.1,89,8.8,9.6,13.3,309.7,113.8,26,8.1,8.9,4.3,2,2,266.71,/years/2018/
39,4,Atlanta Falcons,16,428,617,69.4,296,36,5.8,7,1.1,75,8.0,8.7,11.6,290.8,108.0,42,7.1,7.7,6.4,1,1,180.60,/years/2018/
40,5,Los Angeles Rams,16,368,568,64.8,223,32,5.6,12,2.1,70,8.3,8.5,12.9,281.7,100.7,33,7.5,7.7,5.5,4,4,173.99,/years/2018/
41,6,Indianapolis Colts,16,432,644,67.1,134,39,6.1,15,2.3,68,7.1,7.3,10.6,278.8,98.2,18,6.7,6.9,2.7,3,3,148.05,/years/2018/
42,7,Philadelphia Eagles,16,422,599,70.5,249,29,4.8,11,1.8,83,7.6,7.7,10.7,267.2,100.7,40,6.7,6.8,6.3,4,4,129.50,/years/2018/
43,8,New England Patriots,16,378,574,65.9,147,29,5.1,11,1.9,63,7.7,7.8,11.7,266.1,97.8,21,7.2,7.3,3.5,1,2,194.27,/years/2018/
44,9,Green Bay Packers,16,392,640,61.3,391,25,3.9,4,0.6,75,7.2,7.7,11.8,264.9,93.7,53,6.1,6.6,7.6,3,3,71.30,/years/2018/
45,10,Los Angeles Chargers,16,348,512,68.0,227,32,6.3,12,2.3,75,8.4,8.6,12.4,255.6,104.9,34,7.5,7.7,6.2,3,3,168.12,/years/2018/
46,11,New York Giants,16,382,583,65.5,358,23,3.9,12,2.1,58,7.6,7.4,11.5,252.9,92.7,47,6.4,6.3,7.5,1,2,77.66,/years/2018/
47,12,New Orleans Saints,16,381,519,73.4,132,33,6.4,7,1.3,72,8.0,8.7,11.0,252.6,112.3,20,7.5,8.1,3.7,6,7,215.12,/years/2018/
48,13,Minnesota Vikings,16,425,606,70.1,262,30,5.0,10,1.7,75,7.1,7.3,10.1,252.3,99.7,40,6.2,6.5,6.2,1,0,52.77,/years/2018/
49,14,Cleveland Browns,16,353,574,61.5,254,29,5.1,17,3.0,71,7.4,7.1,12.1,250.4,88.8,38,6.5,6.2,6.2,4,4,48.28,/years/2018/
50,15,San Francisco 49ers,16,331,532,62.2,380,26,4.9,20,3.8,85,8.0,7.3,12.8,241.7,87.8,48,6.7,6.0,8.3,0,1,61.30,/years/2018/
51,Rk,Tm,G,Cmp,Att,Cmp%,Yds,TD,TD%,Int,Int%,Lng,Y/A,AY/A,Y/C,Y/G,Rate,Sk,NY/A,ANY/A,Sk%,4QC,GWD,EXP,/years/2018/
52,16,Carolina Panthers,16,378,563,67.1,235,28,5.0,16,2.8,82,7.2,6.9,10.8,239.8,92.9,32,6.4,6.2,5.4,2,2,80.29,/years/2018/
53,17,Houston Texans,16,345,506,68.2,384,26,5.1,9,1.8,73,8.2,8.5,12.1,236.3,102.9,62,6.7,6.9,10.9,5,5,109.94,/years/2018/
54,18,Oakland Raiders,16,382,556,68.7,306,19,3.4,10,1.8,66,7.3,7.2,10.6,234.4,93.6,52,6.2,6.1,8.6,3,3,30.85,/years/2018/
55,19,Denver Broncos,16,367,588,62.4,235,19,3.2,15,2.6,64,6.7,6.2,10.7,230.9,82.1,34,5.9,5.5,5.5,3,4,26.00,/years/2018/
56,20,Detroit Lions,16,375,574,65.3,268,22,3.8,12,2.1,67,6.7,6.5,10.3,223.5,88.5,41,5.8,5.7,6.7,0,1,67.19,/years/2018/
57,21,Chicago Bears,16,344,512,67.2,183,28,5.5,14,2.7,70,7.3,7.2,10.9,222.8,95.4,33,6.5,6.4,6.1,2,2,97.62,/years/2018/
58,22,Baltimore Ravens,16,334,556,60.1,150,18,3.2,9,1.6,74,6.7,6.6,11.1,222.4,84.0,32,6.1,6.0,5.4,0,1,61.49,/years/2018/
59,23,Dallas Cowboys,16,356,527,67.6,347,22,4.2,8,1.5,90,7.4,7.5,10.9,221.1,96.7,56,6.1,6.2,9.6,3,5,64.95,/years/2018/
60,24,Cincinnati Bengals,16,331,542,61.1,279,27,5.0,13,2.4,49,6.6,6.5,10.8,205.6,87.0,37,5.7,5.6,6.4,3,4,65.06,/years/2018/
61,25,New York Jets,16,299,524,57.1,239,18,3.4,19,3.6,76,6.5,5.6,11.4,197.8,73.0,37,5.6,4.8,6.6,1,1,-40.27,/years/2018/
62,26,Jacksonville Jaguars,16,329,536,61.4,322,15,2.8,13,2.4,80,6.4,5.9,10.4,194.3,79.1,53,5.3,4.8,9.0,0,1,-65.36,/years/2018/
63,27,Seattle Seahawks,16,280,427,65.6,355,35,8.2,7,1.6,66,8.1,9.0,12.3,193.3,110.9,51,6.5,7.3,10.7,2,4,114.50,/years/2018/
64,28,Washington Redskins,16,311,509,61.1,266,16,3.1,15,2.9,79,6.5,5.8,10.6,188.8,78.1,44,5.5,4.8,8.0,1,1,-24.87,/years/2018/
65,29,Tennessee Titans,16,293,437,67.0,280,16,3.7,12,2.7,66,7.4,6.9,11.1,185.9,89.8,47,6.1,5.7,9.7,4,5,16.34,/years/2018/
66,30,Miami Dolphins,16,292,455,64.2,409,26,5.7,13,2.9,75,7.3,7.1,11.3,181.3,93.0,52,5.7,5.6,10.3,4,4,-19.71,/years/2018/
67,31,Buffalo Bills,16,271,499,54.3,288,13,2.6,23,4.6,75,6.2,4.6,11.4,174.6,62.6,41,5.2,3.7,7.6,2,3,-88.45,/years/2018/
68,32,Arizona Cardinals,16,283,495,57.2,361,15,3.0,18,3.6,75,5.8,4.8,10.2,157.7,69.0,52,4.6,3.7,9.5,1,2,-106.25,/years/2018/
69,,Avg Team,,358.2,552.2,64.9,266.6,26.5,4.8,13.1,2.4,74,7.4,7.3,11.4,237.8,92.9,40.0,6.42,6.3,6.8,2.2,2.8,78.1,/years/2018/
70,,League Total,,11462,17671,64.9,8530,847,4.8,419,2.4,97,7.4,7.3,11.4,237.8,92.9,1281,6.42,6.3,6.8,71,88,,/years/2018/
71,,Avg Tm/G,,22.4,34.5,64.9,16.7,1.7,4.8,0.8,2.4,,7.4,7.3,11.4,237.8,92.9,2.5,6.42,6.3,6.8,,,,/years/2018/
72,1,Los Angeles Chargers,16,366,583,62.8,120,28,4.8,11,1.9,75,7.8,7.9,12.4,276.9,95.1,18,7.4,7.5,3.0,2,2,85.54,/years/2017/
73,2,New England Patriots,16,389,587,66.3,201,32,5.5,8,1.4,64,7.9,8.3,11.9,276.1,102.6,35,7.1,7.6,5.6,2,2,197.94,/years/2017/
74,3,Pittsburgh Steelers,16,384,590,65.1,154,29,4.9,15,2.5,97,7.7,7.5,11.8,273.8,94.1,24,7.1,7.0,3.9,3,4,84.45,/years/2017/
75,4,Tampa Bay Buccaneers,16,378,605,62.5,241,26,4.3,14,2.3,70,7.6,7.4,12.2,272.9,90.6,40,6.8,6.6,6.2,2,3,41.13,/years/2017/
76,5,New Orleans Saints,16,386,536,72.0,145,23,4.3,8,1.5,54,8.1,8.3,11.2,261.8,103.9,20,7.5,7.7,3.6,2,2,78.77,/years/2017/
77,6,Detroit Lions,16,374,570,65.6,287,29,5.1,11,1.9,71,7.8,8.0,12.0,261.4,98.4,47,6.8,6.9,7.6,1,4,18.05,/years/2017/
78,7,Kansas City Chiefs,16,363,543,66.9,222,26,4.8,8,1.5,79,8.0,8.3,11.9,256.5,100.8,37,7.1,7.4,6.4,1,4,35.89,/years/2017/
79,8,Atlanta Falcons,16,343,530,64.7,156,21,4.0,12,2.3,88,7.8,7.6,12.1,249.4,92.4,24,7.2,7.0,4.3,2,3,56.35,/years/2017/
80,9,San Francisco 49ers,16,362,607,59.6,310,15,2.5,15,2.5,83,7.0,6.4,11.7,245.3,78.8,43,6.0,5.5,6.6,2,2,-67.29,/years/2017/
81,10,Los Angeles Rams,16,320,518,61.8,192,28,5.4,7,1.4,94,7.8,8.2,12.6,239.4,98.3,28,7.0,7.5,5.1,1,1,44.57,/years/2017/
82,11,Minnesota Vikings,16,357,527,67.7,176,25,4.7,8,1.5,65,7.5,7.7,11.0,234.6,99.1,27,6.8,7.0,4.9,1,3,85.46,/years/2017/
83,12,Washington Redskins,16,347,540,64.3,342,27,5.0,13,2.4,74,7.6,7.5,11.8,234.4,93.9,41,6.5,6.4,7.1,1,4,13.11,/years/2017/
84,13,Philadelphia Eagles,16,341,564,60.5,230,38,6.7,9,1.6,72,7.0,7.7,11.6,233.6,97.6,36,6.2,6.8,6.0,2,3,136.52,/years/2017/
85,14,Seattle Seahawks,16,340,555,61.3,322,34,6.1,12,2.2,74,7.2,7.4,11.7,228.6,94.4,43,6.1,6.3,7.2,2,2,11.73,/years/2017/
86,15,Arizona Cardinals,16,339,598,56.7,339,21,3.5,18,3.0,52,6.7,6.0,11.7,227.5,76.2,52,5.6,5.0,8.0,5,5,-70.67,/years/2017/
87,Rk,Tm,G,Cmp,Att,Cmp%,Yds,TD,TD%,Int,Int%,Lng,Y/A,AY/A,Y/C,Y/G,Rate,Sk,NY/A,ANY/A,Sk%,4QC,GWD,EXP,/years/2017/
88,16,Oakland Raiders,16,347,558,62.2,130,23,4.1,14,2.5,87,6.7,6.4,10.8,226.9,85.3,24,6.2,5.9,4.1,1,1,-30.02,/years/2017/
89,17,Jacksonville Jaguars,16,316,527,60.0,123,21,4.0,13,2.5,75,7.1,6.7,11.8,224.6,84.4,24,6.5,6.2,4.4,1,1,42.05,/years/2017/
90,18,Miami Dolphins,16,373,602,62.0,257,24,4.0,21,3.5,65,6.3,5.5,10.2,220.9,78.7,33,5.6,4.8,5.2,3,4,-54.81,/years/2017/
91,19,New York Giants,16,373,608,61.3,201,20,3.3,14,2.3,77,6.1,5.7,9.9,217.4,79.8,34,5.4,5.1,5.3,0,1,-95.57,/years/2017/
92,20,Denver Broncos,16,332,566,58.7,335,19,3.4,22,3.9,54,6.5,5.4,11.0,208.3,73.0,52,5.4,4.4,8.4,,,-94.36,/years/2017/
93,21,Houston Texans,16,299,525,57.0,366,28,5.3,17,3.2,72,6.9,6.6,12.2,204.9,82.8,54,5.7,5.3,9.3,1,1,-26.24,/years/2017/
94,22,Cleveland Browns,16,312,574,54.4,309,15,2.6,28,4.9,56,6.2,4.5,11.3,201.8,61.4,50,5.2,3.6,8.0,,,-180.26,/years/2017/
95,23,Tennessee Titans,16,306,496,61.7,203,14,2.8,17,3.4,75,6.8,5.9,11.1,199.4,77.1,35,6.0,5.1,6.6,3,4,-59.14,/years/2017/
96,24,New York Jets,16,323,510,63.3,319,19,3.7,12,2.4,69,6.9,6.6,10.8,198.9,86.1,47,5.7,5.4,8.4,1,2,-11.78,/years/2017/
97,25,Green Bay Packers,16,352,562,62.6,365,25,4.4,18,3.2,72,6.3,5.7,10.0,197.9,81.9,51,5.2,4.7,8.3,4,4,-62.02,/years/2017/
98,26,Dallas Cowboys,16,309,493,62.7,185,22,4.5,13,2.6,81,6.7,6.5,10.8,196.3,86.3,32,6.0,5.7,6.1,0,4,-15.90,/years/2017/
99,27,Cincinnati Bengals,16,304,510,59.6,264,25,4.9,12,2.4,77,6.6,6.6,11.1,195.1,86.0,40,5.7,5.6,7.3,3,3,-23.46,/years/2017/
100,28,Carolina Panthers,16,293,501,58.5,242,22,4.4,16,3.2,64,6.6,6.1,11.3,192.3,79.8,35,5.7,5.2,6.5,1,3,-6.15,/years/2017/
101,29,Baltimore Ravens,16,363,567,64.0,205,20,3.5,13,2.3,66,5.7,5.4,8.9,189.4,81.4,27,5.1,4.8,4.5,,,-80.15,/years/2017/
102,30,Indianapolis Colts,16,285,487,58.5,334,13,2.7,9,1.8,80,6.6,6.3,11.3,180.8,79.7,56,5.3,5.1,10.3,0,1,-95.71,/years/2017/
103,31,Buffalo Bills,16,289,476,60.7,261,16,3.4,10,2.1,47,6.5,6.2,10.7,176.6,82.1,47,5.4,5.2,9.0,1,3,-66.00,/years/2017/
104,32,Chicago Bears,16,291,473,61.5,274,13,2.7,12,2.5,70,6.5,5.9,10.6,175.7,79.1,39,5.5,4.9,7.6,0,2,-73.49,/years/2017/
105,,Avg Team,,339.3,546.5,62.1,244.1,23.2,4.2,13.4,2.5,72,7.0,6.8,11.3,224.4,86.9,37.3,6.15,5.9,6.4,1.5,2.4,-5.7,/years/2017/
106,,League Total,,10856,17488,62.1,7810,741,4.2,430,2.5,97,7.0,6.8,11.3,224.4,86.9,1195,6.15,5.9,6.4,48,78,,/years/2017/
107,,Avg Tm/G,,21.2,34.2,62.1,15.3,1.4,4.2,0.8,2.5,,7.0,6.8,11.3,224.4,86.9,2.3,6.15,5.9,6.4,,,,/years/2017/
108,1,New Orleans Saints,16,472,674,70.0,184,38,5.6,15,2.2,98,7.8,7.9,11.1,317.1,102.5,27,7.2,7.4,3.9,2,4,116.53,/years/2016/
109,2,Washington Redskins,16,407,607,67.1,190,25,4.1,12,2.0,80,8.2,8.1,12.2,297.4,97.4,23,7.6,7.5,3.7,4,4,147.00,/years/2016/
110,3,Atlanta Falcons,16,374,537,69.6,235,38,7.1,7,1.3,76,9.2,10.1,13.3,295.3,116.8,37,8.2,9.0,6.4,1,2,243.07,/years/2016/
111,4,New England Patriots,16,368,550,66.9,148,32,5.8,2,0.4,79,8.1,9.1,12.1,269.3,109.5,24,7.5,8.5,4.2,2,2,231.01,/years/2016/
112,5,Indianapolis Colts,16,370,584,63.4,289,32,5.5,15,2.6,64,7.7,7.6,12.1,262.6,94.5,44,6.7,6.6,7.0,4,4,102.28,/years/2016/
113,6,Pittsburgh Steelers,16,381,596,63.9,175,33,5.5,15,2.5,72,7.3,7.3,11.5,262.6,93.9,21,6.8,6.8,3.4,3,3,71.45,/years/2016/
114,7,Green Bay Packers,16,403,620,65.0,246,40,6.5,8,1.3,60,7.2,7.9,11.0,262.4,102.3,35,6.4,7.1,5.3,0,2,179.05,/years/2016/
115,8,San Diego Chargers,16,349,580,60.2,188,33,5.7,21,3.6,59,7.6,7.1,12.6,262.4,87.6,36,6.8,6.4,5.8,1,1,62.52,/years/2016/
116,9,Arizona Cardinals,16,383,646,59.3,289,28,4.3,17,2.6,80,6.8,6.5,11.6,258.5,83.5,41,6.0,5.7,6.0,1,3,21.20,/years/2016/
117,10,Seattle Seahawks,16,368,567,64.9,298,23,4.1,12,2.1,59,7.8,7.7,12.0,257.8,93.4,42,6.8,6.6,6.9,4,3,61.78,/years/2016/
118,11,Detroit Lions,16,388,594,65.3,216,24,4.0,10,1.7,73,7.3,7.3,11.2,256.9,93.3,37,6.5,6.6,5.9,8,8,76.12,/years/2016/
119,12,Baltimore Ravens,16,439,679,64.7,243,20,2.9,16,2.4,95,6.4,5.9,9.9,256.3,82.6,33,5.8,5.3,4.6,2,2,-50.35,/years/2016/
120,13,Oakland Raiders,16,379,596,63.6,86,29,4.9,7,1.2,75,6.9,7.4,10.9,253.2,95.3,18,6.6,7.0,2.9,7,7,63.90,/years/2016/
121,14,Chicago Bears,16,347,559,62.1,170,19,3.4,19,3.4,64,7.4,6.6,11.9,248.1,81.8,28,6.8,6.0,4.8,,,-14.33,/years/2016/
122,15,Cincinnati Bengals,16,364,563,64.7,264,18,3.2,8,1.4,86,7.5,7.5,11.6,246.4,91.8,41,6.5,6.5,6.8,2,1,72.64,/years/2016/
123,Rk,Tm,G,Cmp,Att,Cmp%,Yds,TD,TD%,Int,Int%,Lng,Y/A,AY/A,Y/C,Y/G,Rate,Sk,NY/A,ANY/A,Sk%,4QC,GWD,EXP,/years/2016/
124,16,Tampa Bay Buccaneers,16,355,578,61.4,239,29,5.0,18,3.1,45,7.2,6.8,11.7,245.4,87.0,35,6.4,6.0,5.7,1,3,78.88,/years/2016/
125,17,New York Giants,16,377,598,63.0,148,26,4.3,16,2.7,75,6.7,6.4,10.7,242.4,86.0,22,6.3,5.9,3.5,3,6,0.05,/years/2016/
126,18,Minnesota Vikings,16,414,588,70.4,283,20,3.4,5,0.9,71,7.0,7.3,9.9,239.8,97.7,38,6.1,6.4,6.1,1,1,49.94,/years/2016/
127,19,Kansas City Chiefs,16,365,546,66.8,174,19,3.5,8,1.5,80,7.2,7.2,10.7,233.8,93.2,32,6.5,6.5,5.5,3,3,34.94,/years/2016/
128,20,Jacksonville Jaguars,16,369,626,58.9,197,24,3.8,16,2.6,51,6.3,5.9,10.6,233.0,79.5,34,5.6,5.3,5.2,1,1,12.29,/years/2016/
129,21,Denver Broncos,16,339,570,59.5,229,20,3.5,11,1.9,76,6.9,6.7,11.5,230.3,83.9,40,6.0,5.9,6.6,3,2,-9.53,/years/2016/
130,22,Carolina Panthers,16,306,563,54.4,277,21,3.7,19,3.4,88,7.0,6.3,12.9,230.3,75.1,36,6.2,5.4,6.0,,,-12.06,/years/2016/
131,23,Dallas Cowboys,16,325,483,67.3,168,25,5.2,6,1.2,83,7.9,8.3,11.7,226.9,103.0,28,7.1,7.6,5.5,5,5,103.88,/years/2016/
132,24,Philadelphia Eagles,16,380,609,62.4,213,16,2.6,14,2.3,73,6.2,5.7,10.0,224.1,79.2,33,5.6,5.1,5.1,1,1,15.12,/years/2016/
133,25,Tennessee Titans,16,307,504,60.9,179,29,5.8,11,2.2,60,7.4,7.5,12.1,221.3,93.7,28,6.7,6.8,5.3,2,2,42.90,/years/2016/
134,26,Miami Dolphins,16,316,477,66.2,216,27,5.7,15,3.1,74,7.8,7.5,11.8,218.8,95.5,30,6.9,6.6,5.9,4,5,17.75,/years/2016/
135,27,New York Jets,16,311,550,56.5,179,16,2.9,25,4.5,69,6.6,5.2,11.7,216.6,67.6,35,5.9,4.5,6.0,1,1,-61.88,/years/2016/
136,28,Cleveland Browns,16,338,567,59.6,429,15,2.6,14,2.5,58,6.5,5.9,10.9,204.0,77.4,66,5.2,4.6,10.4,,,-9.70,/years/2016/
137,29,Houston Texans,16,347,583,59.5,242,15,2.6,16,2.7,53,5.9,5.1,9.9,198.5,73.3,32,5.2,4.5,5.2,4,4,-28.35,/years/2016/
138,30,Buffalo Bills,16,286,474,60.3,214,17,3.6,7,1.5,84,6.9,6.9,11.4,189.8,86.7,46,5.8,5.9,8.8,1,1,36.85,/years/2016/
139,31,Los Angeles Rams,16,312,536,58.2,362,14,2.6,20,3.7,66,6.2,5.0,10.6,184.4,69.5,49,5.0,4.0,8.4,1,2,-123.49,/years/2016/
140,32,San Francisco 49ers,16,287,491,58.5,255,21,4.3,10,2.0,75,6.4,6.4,11.0,181.9,83.4,47,5.4,5.4,8.7,1,1,-37.65,/years/2016/
141,,Avg Team,,360.2,571.7,63.0,225.8,24.6,4.3,13.0,2.3,72,7.2,7.0,11.4,241.5,89.3,34.9,6.37,6.2,5.8,2.3,2.6,46.7,/years/2016/
142,,League Total,,11526,18295,63.0,7225,786,4.3,415,2.3,98,7.2,7.0,11.4,241.5,89.3,1118,6.37,6.2,5.8,73,84,,/years/2016/
143,,Avg Tm/G,,22.5,35.7,63.0,14.1,1.5,4.3,0.8,2.3,,7.2,7.0,11.4,241.5,89.3,2.2,6.37,6.2,5.8,,,,/years/2016/
144,1,New Orleans Saints,16,460,667,69.0,235,32,4.8,12,1.8,80,7.8,8.0,11.3,310.6,100.6,32,7.1,7.3,4.6,1,2,179.28,/years/2015/
145,2,Arizona Cardinals,16,353,562,62.8,159,35,6.2,13,2.3,68,8.5,8.7,13.5,288.5,100.9,27,7.8,8.0,4.6,1,4,201.00,/years/2015/
146,3,Pittsburgh Steelers,16,391,590,66.3,219,26,4.4,21,3.6,88,8.2,7.5,12.3,287.7,91.2,33,7.4,6.7,5.3,2,3,102.05,/years/2015/
147,4,San Diego Chargers,16,442,667,66.3,264,30,4.5,13,1.9,80,7.3,7.3,11.0,286.9,94.5,40,6.5,6.5,5.7,1,2,87.75,/years/2015/
148,5,New England Patriots,16,404,629,64.2,225,36,5.7,7,1.1,76,7.7,8.3,11.9,286.7,101.9,38,6.9,7.5,5.7,2,2,173.24,/years/2015/
149,6,Atlanta Falcons,16,410,621,66.0,223,21,3.4,17,2.7,70,7.4,6.9,11.2,273.7,87.8,32,6.7,6.2,4.9,4,4,123.31,/years/2015/
150,7,New York Giants,16,392,623,62.9,157,36,5.8,14,2.2,87,7.2,7.4,11.5,271.7,94.5,27,6.7,6.8,4.2,1,2,81.80,/years/2015/
151,8,Baltimore Ravens,16,426,676,63.0,178,21,3.1,21,3.1,50,6.6,5.8,10.4,266.9,79.4,24,6.1,5.4,3.4,3,3,11.05,/years/2015/
152,9,Detroit Lions,16,420,632,66.5,251,33,5.2,14,2.2,57,7.1,7.1,10.6,263.3,95.1,44,6.2,6.3,6.5,2,3,78.49,/years/2015/
153,10,Jacksonville Jaguars,16,355,607,58.5,320,35,5.8,18,3.0,90,7.3,7.1,12.5,256.8,88.1,51,6.2,6.1,7.8,3,4,48.17,/years/2015/
154,11,Washington Redskins,16,386,555,69.5,199,30,5.4,11,2.0,78,7.7,7.9,11.1,255.9,102.0,27,7.0,7.2,4.6,2,3,131.48,/years/2015/
155,12,Philadelphia Eagles,16,405,623,65.0,254,23,3.7,18,2.9,78,7.0,6.4,10.7,255.4,85.6,37,6.2,5.7,5.6,0,2,36.96,/years/2015/
156,13,New York Jets,16,362,604,59.9,113,33,5.5,16,2.6,69,6.9,6.8,11.5,253.6,88.0,22,6.5,6.4,3.5,2,3,97.10,/years/2015/
157,14,Denver Broncos,16,368,606,60.7,246,19,3.1,23,3.8,75,7.0,5.9,11.5,248.1,76.3,39,6.2,5.1,6.0,5,5,0.38,/years/2015/
158,15,Cincinnati Bengals,16,334,505,66.1,181,31,6.1,9,1.8,80,8.1,8.6,12.3,245.2,104.1,32,7.3,7.7,6.0,3,3,143.69,/years/2015/
159,Rk,Tm,G,Cmp,Att,Cmp%,Yds,TD,TD%,Int,Int%,Lng,Y/A,AY/A,Y/C,Y/G,Rate,Sk,NY/A,ANY/A,Sk%,4QC,GWD,EXP,/years/2015/
160,16,Oakland Raiders,16,373,605,61.7,250,34,5.6,14,2.3,68,6.8,6.9,11.1,242.4,91.0,33,6.1,6.2,5.2,4,4,56.83,/years/2015/
161,17,Tampa Bay Buccaneers,16,312,535,58.3,190,22,4.1,15,2.8,68,7.6,7.1,13.0,240.8,84.2,27,6.9,6.4,4.8,2,3,78.43,/years/2015/
162,18,Houston Texans,16,358,619,57.8,246,29,4.7,12,1.9,61,6.6,6.7,11.4,239.6,85.3,36,5.9,5.9,5.5,3,3,23.79,/years/2015/
163,19,Miami Dolphins,16,365,588,62.1,420,24,4.1,12,2.0,54,7.2,7.1,11.6,238.2,88.9,45,6.0,5.9,7.1,2,2,27.85,/years/2015/
164,20,Seattle Seahawks,16,333,489,68.1,271,34,7.0,8,1.6,80,8.3,9.0,12.2,236.9,109.8,46,7.1,7.7,8.6,2,2,174.73,/years/2015/
165,21,Cleveland Browns,16,371,609,60.9,374,20,3.3,12,2.0,61,6.8,6.6,11.2,236.4,84.0,53,5.7,5.5,8.0,1,1,4.27,/years/2015/
166,22,Indianapolis Colts,16,355,619,57.4,224,26,4.2,19,3.1,87,6.3,5.8,11.1,231.5,77.5,37,5.6,5.1,5.6,2,4,14.98,/years/2015/
167,23,Chicago Bears,16,334,523,63.9,180,21,4.0,12,2.3,87,7.3,7.1,11.5,228.9,89.7,34,6.6,6.4,6.1,4,4,49.51,/years/2015/
168,24,Carolina Panthers,16,300,501,59.9,284,35,7.0,10,2.0,74,7.7,8.2,12.9,224.3,99.2,33,6.7,7.2,6.2,3,4,104.14,/years/2015/
169,25,Tennessee Titans,16,342,551,62.1,390,25,4.5,17,3.1,61,7.1,6.6,11.4,218.9,85.5,54,5.8,5.4,8.9,2,2,-11.27,/years/2015/
170,26,Green Bay Packers,16,348,573,60.7,322,31,5.4,8,1.4,65,6.7,7.1,11.0,218.9,92.7,47,5.7,6.1,7.6,2,2,91.30,/years/2015/
171,27,Dallas Cowboys,16,334,528,63.3,206,16,3.0,22,4.2,67,7.0,5.7,11.0,216.9,76.6,33,6.2,5.0,5.9,2,3,-28.10,/years/2015/
172,28,Buffalo Bills,16,295,465,63.4,257,23,4.9,9,1.9,63,7.7,7.9,12.2,208.9,95.6,42,6.6,6.7,8.3,1,2,40.41,/years/2015/
173,29,San Francisco 49ers,16,322,526,61.2,330,16,3.0,12,2.3,76,6.9,6.5,11.3,207.3,82.6,53,5.7,5.3,9.2,2,2,-22.67,/years/2015/
174,30,Kansas City Chiefs,16,310,473,65.5,238,20,4.2,7,1.5,80,7.4,7.6,11.3,203.4,95.4,46,6.3,6.4,8.9,1,1,35.53,/years/2015/
175,31,Minnesota Vikings,16,294,454,64.8,318,14,3.1,9,2.0,52,7.1,6.9,11.0,183.0,87.9,45,5.9,5.6,9.0,1,2,18.96,/years/2015/
176,32,St. Louis Rams,16,273,473,57.7,126,11,2.3,11,2.3,68,6.2,5.6,10.7,175.3,74.1,18,5.7,5.2,3.7,1,1,-48.78,/years/2015/
177,,Avg Team,,360.2,571.8,63.0,245.3,26.3,4.6,13.6,2.4,72,7.3,7.1,11.5,243.8,90.2,37.1,6.41,6.3,6.1,2.1,2.7,65.8,/years/2015/
178,,League Total,,11527,18298,63.0,7850,842,4.6,436,2.4,90,7.3,7.1,11.5,243.8,90.2,1187,6.41,6.3,6.1,67,87,,/years/2015/
179,,Avg Tm/G,,22.5,35.7,63.0,15.3,1.6,4.6,0.9,2.4,,7.3,7.1,11.5,243.8,90.2,2.3,6.41,6.3,6.1,,,,/years/2015/
180,1,Indianapolis Colts,16,410,661,62.0,168,42,6.4,16,2.4,80,7.7,7.8,12.3,305.9,96.8,29,7.1,7.3,4.2,1,1,144.43,/years/2014/
181,2,Pittsburgh Steelers,16,411,612,67.2,172,33,5.4,10,1.6,94,8.2,8.5,12.2,301.6,103.2,33,7.5,7.8,5.1,2,3,180.29,/years/2014/
182,3,New Orleans Saints,16,456,659,69.2,188,33,5.0,17,2.6,69,7.5,7.4,10.9,297.8,97.0,30,6.9,6.8,4.4,2,2,147.22,/years/2014/
183,4,Denver Broncos,16,399,607,65.7,118,40,6.6,15,2.5,86,7.9,8.1,12.0,291.3,101.3,17,7.5,7.7,2.7,1,1,162.22,/years/2014/
184,5,Atlanta Falcons,16,418,632,66.1,205,28,4.4,15,2.4,79,7.5,7.3,11.4,284.6,93.4,31,6.9,6.7,4.7,3,3,93.29,/years/2014/
185,6,Philadelphia Eagles,16,384,621,61.8,225,27,4.3,21,3.4,72,7.4,6.7,11.9,272.3,84.8,32,6.7,6.1,4.9,2,3,75.18,/years/2014/
186,7,New York Giants,16,383,607,63.1,198,30,4.9,14,2.3,80,7.4,7.3,11.7,267.0,92.2,30,6.7,6.7,4.7,1,1,84.41,/years/2014/
187,8,Green Bay Packers,16,349,536,65.1,186,38,7.1,6,1.1,80,8.3,9.2,12.7,266.3,109.9,30,7.5,8.4,5.3,1,1,215.46,/years/2014/
188,9,New England Patriots,16,392,609,64.4,170,34,5.6,9,1.5,69,7.0,7.5,10.9,257.6,97.5,26,6.5,6.9,4.1,2,2,187.79,/years/2014/
189,10,San Diego Chargers,16,380,574,66.2,198,31,5.4,18,3.1,59,7.5,7.2,11.3,256.1,93.4,37,6.7,6.4,6.1,3,3,114.61,/years/2014/
190,11,Washington Redskins,16,364,547,66.5,414,18,3.3,18,3.3,81,8.2,7.3,12.3,252.9,88.8,58,6.7,5.9,9.6,1,3,34.27,/years/2014/
191,12,Detroit Lions,16,365,604,60.4,254,22,3.6,12,2.0,73,7.1,6.9,11.7,251.9,85.9,45,6.2,6.1,6.9,5,5,84.73,/years/2014/
192,13,Baltimore Ravens,16,344,554,62.1,167,27,4.9,12,2.2,80,7.2,7.2,11.6,238.7,91.0,19,6.7,6.7,3.3,2,2,159.57,/years/2014/
193,14,Arizona Cardinals,16,320,568,56.3,182,21,3.7,12,2.1,81,7.0,6.8,12.5,238.0,81.8,28,6.4,6.2,4.7,3,3,51.96,/years/2014/
194,15,Chicago Bears,16,396,609,65.0,243,30,4.9,19,3.1,74,6.6,6.2,10.2,237.0,87.3,41,5.8,5.4,6.3,1,1,0.11,/years/2014/
195,Rk,Tm,G,Cmp,Att,Cmp%,Yds,TD,TD%,Int,Int%,Lng,Y/A,AY/A,Y/C,Y/G,Rate,Sk,NY/A,ANY/A,Sk%,4QC,GWD,EXP,/years/2014/
196,16,Dallas Cowboys,16,328,476,68.9,224,37,7.8,11,2.3,68,8.4,8.9,12.2,236.5,110.9,30,7.5,8.0,5.9,3,4,185.49,/years/2014/
197,17,Miami Dolphins,16,394,595,66.2,337,27,4.5,12,2.0,50,6.8,6.8,10.3,233.1,92.5,46,5.8,5.8,7.2,2,1,81.58,/years/2014/
198,18,Buffalo Bills,16,363,579,62.7,242,23,4.0,13,2.2,84,6.7,6.4,10.6,225.9,86.0,39,5.8,5.6,6.3,2,3,18.12,/years/2014/
199,19,Carolina Panthers,16,327,545,60.0,317,23,4.2,12,2.2,51,7.0,6.9,11.7,219.4,86.2,42,6.0,5.8,7.2,3,2,57.94,/years/2014/
200,20,Cleveland Browns,16,274,502,54.6,213,12,2.4,16,3.2,81,7.3,6.4,13.4,216.6,72.8,31,6.5,5.6,5.8,4,4,24.15,/years/2014/
201,21,Cincinnati Bengals,16,323,503,64.2,130,20,4.0,17,3.4,81,7.1,6.3,11.0,213.8,84.2,23,6.5,5.8,4.4,4,3,16.91,/years/2014/
202,22,Tennessee Titans,16,299,513,58.3,326,20,3.9,16,3.1,80,7.3,6.7,12.5,213.3,81.0,50,6.1,5.5,8.9,,,-32.48,/years/2014/
203,23,St. Louis Rams,16,327,515,63.5,295,20,3.9,16,3.1,63,7.2,6.6,11.3,212.5,84.9,47,6.0,5.5,8.4,1,2,1.40,/years/2014/
204,24,Houston Texans,16,295,485,60.8,108,22,4.5,13,2.7,76,7.1,6.8,11.7,209.5,86.4,26,6.6,6.3,5.1,1,1,53.97,/years/2014/
205,25,Tampa Bay Buccaneers,16,301,531,56.7,326,21,4.0,20,3.8,56,6.8,5.9,12.0,206.1,75.2,52,5.7,4.8,8.9,1,1,-19.50,/years/2014/
206,26,Oakland Raiders,16,365,629,58.0,181,22,3.5,16,2.5,77,5.5,5.0,9.5,204.7,74.4,28,5.0,4.6,4.3,1,1,-57.96,/years/2014/
207,27,Seattle Seahawks,16,287,454,63.2,242,20,4.4,7,1.5,80,7.7,7.9,12.2,203.1,95.1,42,6.6,6.7,8.5,1,4,89.42,/years/2014/
208,28,Minnesota Vikings,16,322,517,62.3,322,17,3.3,18,3.5,87,6.9,6.0,11.1,202.8,79.2,51,5.7,4.9,9.0,3,3,7.68,/years/2014/
209,29,Kansas City Chiefs,16,320,493,64.9,246,18,3.7,6,1.2,70,7.0,7.1,10.7,198.9,92.2,49,5.9,6.0,9.0,3,3,59.70,/years/2014/
210,30,San Francisco 49ers,16,292,487,60.0,344,20,4.1,10,2.1,80,7.0,6.9,11.7,191.4,86.3,52,5.7,5.6,9.6,3,2,43.51,/years/2014/
211,31,Jacksonville Jaguars,16,325,557,58.3,450,15,2.7,18,3.2,63,6.2,5.3,10.6,187.6,72.0,71,4.8,4.0,11.3,1,1,-104.40,/years/2014/
212,32,New York Jets,16,287,498,57.6,260,16,3.2,15,3.0,74,6.4,5.7,11.2,184.1,75.1,47,5.4,4.8,8.6,1,2,-16.70,/years/2014/
213,,Avg Team,,350.0,558.7,62.6,239.1,25.2,4.5,14.1,2.5,74,7.2,7.0,11.5,236.8,88.9,37.9,6.35,6.1,6.3,2.0,2.2,67.0,/years/2014/
214,,League Total,,11200,17879,62.6,7651,807,4.5,450,2.5,94,7.2,7.0,11.5,236.8,88.9,1212,6.35,6.1,6.3,64,71,,/years/2014/
215,,Avg Tm/G,,21.9,34.9,62.6,14.9,1.6,4.5,0.9,2.5,,7.2,7.0,11.5,236.8,88.9,2.4,6.35,6.1,6.3,,,,/years/2014/
216,1,Denver Broncos,16,461,675,68.3,128,55,8.1,10,1.5,78,8.3,9.2,12.1,340.3,114.4,20,7.8,8.8,2.9,2,2,287.73,/years/2013/
217,2,New Orleans Saints,16,446,651,68.5,244,39,6.0,12,1.8,76,7.9,8.3,11.6,307.4,104.5,37,7.1,7.5,5.4,2,2,185.93,/years/2013/
218,3,Detroit Lions,16,371,634,58.5,168,29,4.6,19,3.0,87,7.3,6.9,12.5,280.1,84.2,23,6.8,6.4,3.5,2,3,68.02,/years/2013/
219,4,San Diego Chargers,16,378,544,69.5,150,32,5.9,11,2.0,60,8.2,8.5,11.8,270.5,105.5,30,7.5,7.8,5.2,4,4,198.23,/years/2013/
220,5,Chicago Bears,16,373,579,64.4,169,32,5.5,13,2.2,80,7.7,7.8,11.9,267.6,96.9,30,7.0,7.1,4.9,4,4,82.77,/years/2013/
221,6,Green Bay Packers,16,366,570,64.2,270,25,4.4,16,2.8,83,8.0,7.6,12.4,266.8,91.7,45,6.9,6.6,7.3,4,3,96.35,/years/2013/
222,7,Atlanta Falcons,16,445,659,67.5,298,26,3.9,17,2.6,81,6.9,6.5,10.2,265.2,89.5,44,6.0,5.7,6.3,1,1,78.39,/years/2013/
223,8,Cincinnati Bengals,16,364,587,62.0,182,33,5.6,20,3.4,82,7.4,6.9,11.9,258.5,89.0,29,6.7,6.3,4.7,1,3,76.42,/years/2013/
224,9,Philadelphia Eagles,16,310,508,61.0,296,32,6.3,9,1.8,70,8.7,9.1,14.2,256.9,102.7,46,7.4,7.8,8.3,1,1,112.65,/years/2013/
225,10,New England Patriots,16,380,628,60.5,256,25,4.0,11,1.8,81,6.9,6.9,11.4,255.4,87.3,40,6.1,6.1,6.0,5,5,111.56,/years/2013/
226,11,Cleveland Browns,16,379,681,55.7,332,26,3.8,20,2.9,95,6.4,5.9,11.5,252.5,75.7,49,5.5,5.0,6.7,1,2,-69.51,/years/2013/
227,12,Pittsburgh Steelers,16,377,586,64.3,289,28,4.8,14,2.4,67,7.3,7.2,11.4,251.1,92.3,43,6.4,6.3,6.8,1,3,73.16,/years/2013/
228,13,Arizona Cardinals,16,363,574,63.2,289,24,4.2,22,3.8,91,7.5,6.6,11.8,250.1,83.9,41,6.5,5.7,6.7,3,4,43.51,/years/2013/
229,14,Dallas Cowboys,16,375,586,64.0,272,33,5.6,12,2.0,82,7.2,7.4,11.3,247.1,95.7,35,6.4,6.6,5.6,2,4,75.00,/years/2013/
230,15,Houston Texans,16,371,633,58.6,370,19,3.0,22,3.5,66,6.6,5.6,11.3,238.3,74.0,42,5.6,4.7,6.2,2,2,-67.58,/years/2013/
231,Rk,Tm,G,Cmp,Att,Cmp%,Yds,TD,TD%,Int,Int%,Lng,Y/A,AY/A,Y/C,Y/G,Rate,Sk,NY/A,ANY/A,Sk%,4QC,GWD,EXP,/years/2013/
232,16,Washington Redskins,16,355,611,58.1,306,20,3.3,19,3.1,62,6.6,5.9,11.4,234.4,76.1,43,5.7,5.0,6.6,1,2,-32.07,/years/2013/
233,17,Indianapolis Colts,16,350,582,60.1,227,23,4.0,10,1.7,73,6.8,6.8,11.3,232.8,86.5,32,6.1,6.1,5.2,3,3,86.19,/years/2013/
234,18,Baltimore Ravens,16,363,619,58.6,324,19,3.1,23,3.7,74,6.3,5.3,10.8,224.4,72.0,48,5.4,4.4,7.2,2,4,-9.75,/years/2013/
235,19,New York Giants,16,325,567,57.3,287,18,3.2,29,5.1,70,6.8,5.2,11.9,224.3,67.6,40,5.9,4.4,6.6,1,2,-26.23,/years/2013/
236,20,Miami Dolphins,16,357,594,60.1,399,24,4.0,19,3.2,67,6.7,6.0,11.1,222.9,80.1,58,5.5,4.9,8.9,4,3,18.44,/years/2013/
237,21,Tennessee Titans,16,328,533,61.5,214,22,4.1,16,3.0,77,7.0,6.4,11.3,218.5,83.6,37,6.1,5.6,6.5,3,4,59.04,/years/2013/
238,22,Jacksonville Jaguars,16,349,592,59.0,310,16,2.7,21,3.5,67,6.3,5.3,10.7,215.1,71.8,50,5.4,4.4,7.8,1,1,-67.74,/years/2013/
239,23,Minnesota Vikings,16,325,546,59.5,218,18,3.3,19,3.5,79,6.7,5.8,11.2,214.2,76.0,44,5.8,5.0,7.5,3,2,-4.06,/years/2013/
240,24,Oakland Raiders,16,298,519,57.4,289,17,3.3,20,3.9,73,7.0,5.9,12.2,208.8,73.9,44,5.9,4.9,7.8,,,-30.22,/years/2013/
241,25,Kansas City Chiefs,16,333,546,61.0,221,24,4.4,8,1.5,71,6.5,6.7,10.7,208.8,88.6,41,5.7,5.9,7.0,1,1,58.82,/years/2013/
242,26,Seattle Seahawks,16,267,420,63.6,272,27,6.4,9,2.1,80,8.4,8.7,13.1,202.3,102.4,44,7.0,7.3,9.5,3,4,113.15,/years/2013/
243,27,St. Louis Rams,16,301,506,59.5,235,22,4.3,11,2.2,81,6.6,6.5,11.2,195.3,84.8,36,5.8,5.7,6.6,1,1,19.80,/years/2013/
244,28,Buffalo Bills,16,299,522,57.3,270,16,3.1,15,2.9,59,6.5,5.8,11.3,193.9,75.0,48,5.4,4.8,8.4,2,3,-48.93,/years/2013/
245,29,Carolina Panthers,16,292,473,61.7,336,24,5.1,13,2.7,79,7.1,6.9,11.6,190.2,88.8,43,5.9,5.7,8.3,4,4,64.58,/years/2013/
246,30,San Francisco 49ers,16,244,417,58.5,231,21,5.0,8,1.9,64,7.7,7.8,13.2,186.2,91.7,39,6.5,6.7,8.6,2,3,71.53,/years/2013/
247,31,New York Jets,16,266,480,55.4,338,13,2.7,22,4.6,69,6.8,5.3,12.3,183.3,66.6,47,5.6,4.2,8.9,2,5,-66.96,/years/2013/
248,32,Tampa Bay Buccaneers,16,291,514,56.6,361,22,4.3,12,2.3,85,6.2,6.0,10.9,176.3,79.6,47,5.0,4.8,8.4,2,2,-37.36,/years/2013/
249,,Avg Team,,346.9,566.8,61.2,267.2,25.1,4.4,15.7,2.8,75,7.1,6.8,11.6,235.6,86.0,40.5,6.21,5.9,6.7,2.2,2.7,47.5,/years/2013/
250,,League Total,,11102,18136,61.2,8551,804,4.4,502,2.8,95,7.1,6.8,11.6,235.6,86.0,1295,6.21,5.9,6.7,70,87,,/years/2013/
251,,Avg Tm/G,,21.7,35.4,61.2,16.7,1.6,4.4,1.0,2.8,,7.1,6.8,11.6,235.6,86.0,2.5,6.21,5.9,6.7,,,,/years/2013/
252,1,New Orleans Saints,16,423,671,63.0,190,43,6.4,19,2.8,80,7.7,7.7,12.3,312.3,96.4,26,7.2,7.2,3.7,1,2,102.68,/years/2012/
253,2,Detroit Lions,16,445,740,60.1,212,22,3.0,17,2.3,57,6.9,6.5,11.5,307.9,81.5,29,6.4,6.0,3.8,3,3,1.85,/years/2012/
254,3,Dallas Cowboys,16,434,658,66.0,263,29,4.4,19,2.9,85,7.6,7.2,11.5,295.6,91.3,36,6.8,6.4,5.2,5,5,61.50,/years/2012/
255,4,New England Patriots,16,402,641,62.7,182,34,5.3,9,1.4,83,7.6,8.0,12.0,291.4,97.7,27,7.0,7.4,4.0,1,2,190.90,/years/2012/
256,5,Denver Broncos,16,402,588,68.4,137,37,6.3,11,1.9,71,7.9,8.4,11.6,283.4,105.3,21,7.4,7.8,3.4,3,3,172.72,/years/2012/
257,6,Atlanta Falcons,16,422,615,68.6,210,32,5.2,14,2.3,80,7.7,7.7,11.2,281.8,99.1,28,7.0,7.0,4.4,4,6,117.46,/years/2012/
258,7,Indianapolis Colts,16,339,628,54.0,246,23,3.7,18,2.9,70,7.0,6.4,12.9,258.0,76.4,41,6.2,5.6,6.1,4,7,-10.93,/years/2012/
259,8,Oakland Raiders,16,376,629,59.8,208,24,3.8,16,2.5,64,6.8,6.4,11.4,255.3,82.4,27,6.2,5.9,4.1,2,2,-17.81,/years/2012/
260,9,Green Bay Packers,16,374,558,67.0,293,40,7.2,8,1.4,73,7.8,8.6,11.6,253.1,108.3,51,6.6,7.4,8.4,2,3,88.15,/years/2012/
261,10,Tampa Bay Buccaneers,16,311,566,54.9,161,27,4.8,17,3.0,95,7.3,6.9,13.3,248.9,81.8,26,6.7,6.3,4.4,1,1,2.82,/years/2012/
262,11,Houston Texans,16,354,554,63.9,216,22,4.0,13,2.3,60,7.3,7.0,11.4,239.4,89.2,28,6.6,6.3,4.8,2,2,65.61,/years/2012/
263,12,New York Giants,16,323,539,59.9,142,26,4.8,15,2.8,80,7.4,7.1,12.3,239.1,87.2,20,6.8,6.6,3.6,3,3,34.43,/years/2012/
264,13,Philadelphia Eagles,16,367,618,59.4,284,18,2.9,15,2.4,77,6.6,6.1,11.1,236.9,78.6,48,5.7,5.2,7.2,4,4,-88.31,/years/2012/
265,14,Pittsburgh Steelers,16,354,574,61.7,225,27,4.7,14,2.4,82,7.0,6.8,11.3,236.7,88.1,37,6.2,6.1,6.1,3,4,1.60,/years/2012/
266,15,Baltimore Ravens,16,334,560,59.6,257,22,3.9,11,2.0,61,7.1,7.0,12.0,233.7,86.4,38,6.3,6.2,6.4,3,3,84.85,/years/2012/
267,Rk,Tm,G,Cmp,Att,Cmp%,Yds,TD,TD%,Int,Int%,Lng,Y/A,AY/A,Y/C,Y/G,Rate,Sk,NY/A,ANY/A,Sk%,4QC,GWD,EXP,/years/2012/
268,16,Carolina Panthers,16,284,490,58.0,244,19,3.9,12,2.4,82,8.0,7.7,13.8,230.2,86.5,36,7.0,6.7,6.8,1,1,50.12,/years/2012/
269,17,Cincinnati Bengals,16,335,540,62.0,229,28,5.2,16,3.0,73,7.1,6.8,11.4,223.6,88.1,46,6.1,5.8,7.8,2,4,-44.25,/years/2012/
270,18,St. Louis Rams,16,332,557,59.6,233,22,3.9,14,2.5,80,6.8,6.5,11.4,221.9,82.7,35,6.0,5.7,5.9,4,3,-53.35,/years/2012/
271,19,Cleveland Browns,16,328,566,58.0,233,16,2.8,18,3.2,71,6.5,5.6,11.2,214.7,73.5,36,5.7,4.9,6.0,1,1,-72.74,/years/2012/
272,20,Washington Redskins,16,291,442,65.8,244,24,5.4,8,1.8,88,8.3,8.6,12.6,213.9,102.1,33,7.2,7.5,6.9,4,3,42.35,/years/2012/
273,21,Jacksonville Jaguars,16,328,586,56.0,327,20,3.4,17,2.9,81,6.4,5.8,11.4,213.7,74.7,50,5.4,4.8,7.9,1,1,-121.73,/years/2012/
274,22,Tennessee Titans,16,318,540,58.9,254,17,3.1,16,3.0,71,6.6,5.9,11.2,207.7,76.9,39,5.7,5.1,6.7,2,3,-48.58,/years/2012/
275,23,San Francisco 49ers,16,289,436,66.3,253,23,5.3,8,1.8,57,8.1,8.4,12.3,206.1,101.2,41,6.9,7.1,8.6,1,1,31.69,/years/2012/
276,24,San Diego Chargers,16,338,528,64.0,311,26,4.9,15,2.8,80,6.8,6.5,10.7,205.9,88.5,49,5.7,5.4,8.5,,,-19.70,/years/2012/
277,25,Buffalo Bills,16,309,511,60.5,161,24,4.7,17,3.3,68,6.7,6.2,11.1,204.3,82.2,30,6.0,5.5,5.5,0,1,-44.82,/years/2012/
278,26,Miami Dolphins,16,293,504,58.1,243,13,2.6,13,2.6,80,6.8,6.2,11.7,198.9,76.7,37,5.9,5.3,6.8,1,1,-16.92,/years/2012/
279,27,Seattle Seahawks,16,259,405,64.0,203,27,6.7,10,2.5,67,8.0,8.2,12.5,189.4,100.6,33,6.9,7.1,7.5,3,4,56.49,/years/2012/
280,28,Arizona Cardinals,16,337,608,55.4,378,11,1.8,21,3.5,53,5.6,4.4,10.0,187.8,63.1,58,4.5,3.4,8.7,3,3,-197.65,/years/2012/
281,29,Chicago Bears,16,287,485,59.2,299,21,4.3,16,3.3,60,6.8,6.2,11.5,187.4,80.4,44,5.7,5.1,8.3,1,1,-20.74,/years/2012/
282,30,New York Jets,16,272,493,55.2,287,14,2.8,19,3.9,66,6.4,5.3,11.7,180.7,68.3,47,5.4,4.3,8.7,2,2,-97.34,/years/2012/
283,31,Minnesota Vikings,16,300,483,62.1,184,18,3.7,12,2.5,65,6.1,5.7,9.8,171.9,81.2,32,5.3,5.0,6.2,1,2,-31.08,/years/2012/
284,32,Kansas City Chiefs,16,273,475,57.5,224,8,1.7,20,4.2,57,6.2,4.6,10.8,169.6,63.8,40,5.3,3.8,7.8,1,1,-137.23,/years/2012/
285,,Avg Team,,338.5,555.9,60.9,235.4,23.7,4.3,14.6,2.6,72,7.1,6.7,11.6,231.3,85.6,36.5,6.25,5.9,6.2,2.2,2.6,2.6,/years/2012/
286,,League Total,,10833,17788,60.9,7533,757,4.3,468,2.6,95,7.1,6.7,11.6,231.3,85.6,1169,6.25,5.9,6.2,69,82,,/years/2012/
287,,Avg Tm/G,,21.2,34.7,60.9,14.7,1.5,4.3,0.9,2.6,,7.1,6.7,11.6,231.3,85.6,2.3,6.25,5.9,6.2,,,,/years/2012/
288,1,New Orleans Saints,16,472,662,71.3,158,46,6.9,14,2.1,79,8.3,8.8,11.7,334.2,110.5,24,7.8,8.2,3.5,3,4,195.28,/years/2011/
289,2,New England Patriots,16,402,612,65.7,173,39,6.4,12,2.0,99,8.6,9.0,13.1,317.8,105.7,32,7.9,8.3,5.0,1,2,184.43,/years/2011/
290,3,Green Bay Packers,16,376,552,68.1,237,51,9.2,8,1.4,93,9.3,10.5,13.7,307.8,122.6,41,8.3,9.4,6.9,1,2,178.73,/years/2011/
291,4,Detroit Lions,16,423,666,63.5,257,41,6.2,16,2.4,73,7.6,7.8,12.0,300.9,97.2,36,6.9,7.0,5.1,3,4,87.26,/years/2011/
292,5,New York Giants,16,359,589,61.0,199,29,4.9,16,2.7,99,8.4,8.1,13.7,295.9,92.9,28,7.7,7.4,4.5,5,6,97.15,/years/2011/
293,6,San Diego Chargers,16,366,582,62.9,198,27,4.6,20,3.4,58,7.9,7.3,12.6,276.6,88.7,30,7.2,6.6,4.9,1,1,45.53,/years/2011/
294,7,Dallas Cowboys,16,376,570,66.0,252,33,5.8,12,2.1,77,7.8,8.0,11.8,262.6,100.1,39,6.9,7.1,6.4,4,4,61.74,/years/2011/
295,8,Atlanta Falcons,16,365,594,61.4,173,29,4.9,13,2.2,80,7.3,7.3,12.0,262.0,91.1,26,6.8,6.8,4.2,3,3,61.72,/years/2011/
296,9,Philadelphia Eagles,16,330,554,59.6,166,22,4.0,25,4.5,73,7.7,6.5,13.0,256.9,78.3,32,7.0,5.8,5.5,0,1,-24.82,/years/2011/
297,10,Pittsburgh Steelers,16,341,539,63.3,279,21,3.9,15,2.8,95,8.0,7.6,12.7,253.4,89.7,42,7.0,6.5,7.2,1,1,-9.51,/years/2011/
298,11,Oakland Raiders,16,315,524,60.1,157,20,3.8,23,4.4,78,7.9,6.6,13.1,247.6,79.4,25,7.2,6.1,4.6,1,2,-30.61,/years/2011/
299,12,Tennessee Titans,16,353,584,60.4,190,22,3.8,14,2.4,80,7.0,6.7,11.7,245.2,84.4,24,6.5,6.1,3.9,2,3,-2.36,/years/2011/
300,13,Carolina Panthers,16,312,519,60.1,260,21,4.0,17,3.3,91,7.9,7.2,13.1,239.3,84.8,35,6.9,6.3,6.3,1,1,10.36,/years/2011/
301,14,Washington Redskins,16,346,591,58.5,285,19,3.2,24,4.1,51,6.9,5.7,11.7,235.8,73.3,41,6.0,4.9,6.5,2,2,-96.27,/years/2011/
302,15,Buffalo Bills,16,356,578,61.6,154,24,4.2,25,4.3,60,6.7,5.6,10.8,231.4,77.0,23,6.2,5.1,3.8,2,2,-61.82,/years/2011/
303,Rk,Tm,G,Cmp,Att,Cmp%,Yds,TD,TD%,Int,Int%,Lng,Y/A,AY/A,Y/C,Y/G,Rate,Sk,NY/A,ANY/A,Sk%,4QC,GWD,EXP,/years/2011/
304,16,Tampa Bay Buccaneers,16,365,588,62.1,188,17,2.9,24,4.1,65,6.5,5.3,10.5,228.1,73.6,32,5.9,4.7,5.2,1,2,-121.12,/years/2011/
305,17,Arizona Cardinals,16,307,550,55.8,387,21,3.8,23,4.2,73,7.2,6.1,12.9,222.9,73.9,54,5.9,4.9,8.9,6,6,-55.04,/years/2011/
306,18,Houston Texans,16,288,467,61.7,190,20,4.3,9,1.9,80,7.9,7.9,12.8,219.1,92.7,33,7.0,7.0,6.6,1,3,20.22,/years/2011/
307,19,Baltimore Ravens,16,314,544,57.7,206,21,3.9,12,2.2,74,6.7,6.5,11.6,213.9,81.7,33,5.9,5.7,5.7,2,3,18.28,/years/2011/
308,20,Cincinnati Bengals,16,308,535,57.6,167,21,3.9,14,2.6,84,6.6,6.2,11.4,208.8,79.6,25,6.0,5.6,4.5,5,5,-23.05,/years/2011/
309,21,New York Jets,16,310,547,56.7,245,26,4.8,18,3.3,74,6.5,5.9,11.4,206.1,78.4,40,5.6,5.1,6.8,4,4,-95.61,/years/2011/
310,22,Seattle Seahawks,16,299,509,58.7,339,15,2.9,14,2.8,61,6.8,6.1,11.5,194.1,77.6,50,5.6,5.0,8.9,1,1,-49.87,/years/2011/
311,23,Miami Dolphins,16,280,469,59.7,334,20,4.3,13,2.8,65,7.3,6.9,12.2,193.2,84.9,52,5.9,5.6,10.0,1,1,-32.91,/years/2011/
312,24,Cleveland Browns,16,320,570,56.1,210,16,2.8,13,2.3,76,5.8,5.3,10.3,193.1,72.8,39,5.1,4.6,6.4,1,3,-85.14,/years/2011/
313,25,Kansas City Chiefs,16,299,500,59.8,208,13,2.6,18,3.6,52,6.6,5.5,11.0,192.5,73.0,34,5.8,4.7,6.4,1,2,-71.50,/years/2011/
314,26,Chicago Bears,16,268,473,56.7,335,18,3.8,20,4.2,81,7.1,5.9,12.5,188.2,73.8,49,5.8,4.7,9.4,1,1,-117.67,/years/2011/
315,27,Indianapolis Colts,16,302,534,56.6,228,14,2.6,14,2.6,87,6.0,5.4,10.7,187.2,72.2,35,5.3,4.6,6.2,1,1,-82.24,/years/2011/
316,28,Minnesota Vikings,16,286,510,56.1,298,20,3.9,17,3.3,72,6.4,5.7,11.4,184.8,74.6,49,5.3,4.6,8.8,0,2,-90.24,/years/2011/
317,29,San Francisco 49ers,16,277,451,61.4,263,18,4.0,5,1.1,56,7.1,7.4,11.5,183.1,91.4,44,5.9,6.2,8.9,5,5,-12.98,/years/2011/
318,30,St. Louis Rams,16,292,549,53.2,388,9,1.6,10,1.8,68,5.9,5.4,11.2,179.4,69.0,55,4.8,4.3,9.1,1,1,-155.47,/years/2011/
319,31,Denver Broncos,16,217,429,50.6,274,20,4.7,13,3.0,56,6.3,5.9,12.5,152.1,73.5,42,5.2,4.8,8.9,5,5,-87.83,/years/2011/
320,32,Jacksonville Jaguars,16,240,469,51.2,331,12,2.6,15,3.2,74,5.4,4.4,10.5,136.2,62.2,44,4.2,3.4,8.6,,,-137.83,/years/2011/
321,,Avg Team,,327.0,544.1,60.1,241.5,23.3,4.3,15.8,2.9,75,7.2,6.7,12.0,229.7,84.3,37.1,6.32,5.9,6.4,2.1,2.6,-15.1,/years/2011/
322,,League Total,,10464,17410,60.1,7729,745,4.3,506,2.9,99,7.2,6.7,12.0,229.7,84.3,1188,6.32,5.9,6.4,66,83,,/years/2011/
323,,Avg Tm/G,,20.4,34.0,60.1,15.1,1.5,4.3,1.0,2.9,,7.2,6.7,12.0,229.7,84.3,2.3,6.32,5.9,6.4,,,,/years/2011/
324,1,Indianapolis Colts,16,450,679,66.3,91,33,4.9,17,2.5,73,6.9,6.8,10.4,288.1,91.9,16,6.6,6.5,2.3,0,2,103.16,/years/2010/
325,2,San Diego Chargers,16,359,544,66.0,227,30,5.5,13,2.4,59,8.7,8.8,13.2,282.4,101.9,38,7.8,7.8,6.5,1,1,117.04,/years/2010/
326,3,New Orleans Saints,16,450,661,68.1,195,33,5.0,22,3.3,80,7.0,6.5,10.3,277.6,90.8,26,6.5,6.0,3.8,4,5,79.91,/years/2010/
327,4,Houston Texans,16,365,574,63.6,226,24,4.2,12,2.1,60,7.6,7.5,12.0,259.0,92.0,32,6.8,6.7,5.3,2,2,61.63,/years/2010/
328,5,Green Bay Packers,16,352,541,65.1,231,31,5.7,13,2.4,86,8.0,8.1,12.4,257.8,98.9,38,7.1,7.2,6.6,0,1,79.78,/years/2010/
329,6,Dallas Cowboys,16,379,576,65.8,166,29,5.0,19,3.3,71,7.3,6.8,11.1,252.6,90.4,31,6.7,6.2,5.1,2,3,-20.99,/years/2010/
330,7,Denver Broncos,16,334,580,57.6,269,25,4.3,12,2.1,71,7.4,7.4,12.9,252.4,86.8,40,6.5,6.4,6.5,2,2,2.29,/years/2010/
331,8,Washington Redskins,16,349,605,57.7,348,21,3.5,19,3.1,76,7.1,6.4,12.3,245.7,78.1,46,6.0,5.4,7.1,2,3,-38.61,/years/2010/
332,9,Philadelphia Eagles,16,348,561,62.0,309,28,5.0,13,2.3,91,7.5,7.5,12.1,244.1,92.1,49,6.4,6.4,8.0,4,3,25.24,/years/2010/
333,10,New York Giants,16,339,539,62.9,117,31,5.8,25,4.6,92,7.4,6.5,11.8,242.8,85.3,16,7.0,6.1,2.9,1,1,40.06,/years/2010/
334,11,New England Patriots,16,331,507,65.3,175,37,7.3,5,1.0,79,7.9,8.9,12.2,240.4,109.8,25,7.2,8.2,4.7,2,3,94.97,/years/2010/
335,12,Detroit Lions,16,383,633,60.5,191,26,4.1,16,2.5,87,6.3,6.0,10.4,238.1,82.0,27,5.8,5.5,4.1,4,3,-44.82,/years/2010/
336,13,Cincinnati Bengals,16,365,590,61.9,221,26,4.4,20,3.4,78,6.8,6.1,10.9,235.4,82.4,28,6.1,5.5,4.5,1,1,-12.18,/years/2010/
337,14,Pittsburgh Steelers,16,298,479,62.2,289,22,4.6,9,1.9,56,8.1,8.2,13.1,225.1,95.2,43,6.9,7.0,8.2,2,4,-13.33,/years/2010/
338,15,Atlanta Falcons,16,361,577,62.6,158,28,4.9,9,1.6,46,6.5,6.7,10.3,222.9,90.8,23,5.9,6.2,3.8,5,6,63.64,/years/2010/
339,Rk,Tm,G,Cmp,Att,Cmp%,Yds,TD,TD%,Int,Int%,Lng,Y/A,AY/A,Y/C,Y/G,Rate,Sk,NY/A,ANY/A,Sk%,4QC,GWD,EXP,/years/2010/
340,16,Miami Dolphins,16,335,557,60.1,228,17,3.1,21,3.8,57,6.7,5.7,11.2,220.4,74.8,38,5.9,4.9,6.4,0,1,-62.67,/years/2010/
341,17,Tampa Bay Buccaneers,16,306,494,61.9,203,26,5.3,6,1.2,64,7.2,7.7,11.6,210.1,96.2,30,6.4,6.9,5.7,5,5,-0.56,/years/2010/
342,18,San Francisco 49ers,16,282,500,56.4,257,19,3.8,15,3.0,66,7.2,6.6,12.8,209.8,79.4,44,6.2,5.6,8.1,2,2,-25.12,/years/2010/
343,19,Seattle Seahawks,16,324,544,59.6,195,14,2.6,20,3.7,87,6.5,5.4,10.9,208.8,72.1,35,5.8,4.7,6.0,0,0,-92.97,/years/2010/
344,20,Baltimore Ravens,16,308,491,62.7,294,25,5.1,10,2.0,67,7.4,7.5,11.8,208.4,93.6,40,6.3,6.4,7.5,2,4,38.02,/years/2010/
345,21,St. Louis Rams,16,354,590,60.0,244,18,3.1,15,2.5,49,6.0,5.4,9.9,204.3,76.5,34,5.2,4.7,5.4,,,-79.28,/years/2010/
346,22,New York Jets,16,288,525,54.9,178,20,3.8,14,2.7,74,6.5,6.1,11.9,202.6,76.5,28,5.9,5.4,5.1,3,5,-47.35,/years/2010/
347,23,Oakland Raiders,16,279,491,56.8,291,18,3.7,16,3.3,73,7.1,6.3,12.4,198.8,77.5,44,5.9,5.3,8.2,2,2,-47.46,/years/2010/
348,24,Buffalo Bills,16,296,519,57.0,213,24,4.6,21,4.0,65,6.5,5.6,11.4,197.4,75.2,34,5.7,4.9,6.1,1,1,-88.79,/years/2010/
349,25,Tennessee Titans,16,273,474,57.6,171,24,5.1,15,3.2,80,6.9,6.5,12.0,194.2,82.6,27,6.2,5.8,5.4,1,2,35.49,/years/2010/
350,26,Minnesota Vikings,16,305,505,60.4,230,14,2.8,26,5.1,53,6.6,4.8,10.9,193.6,67.7,36,5.7,4.1,6.7,1,2,-67.68,/years/2010/
351,27,Jacksonville Jaguars,16,291,469,62.0,291,26,5.5,21,4.5,75,7.2,6.2,11.5,191.6,83.4,38,6.0,5.2,7.5,1,5,-28.21,/years/2010/
352,28,Chicago Bears,16,276,466,59.2,382,23,4.9,21,4.5,89,7.3,6.2,12.3,188.4,79.5,56,5.8,4.8,10.7,4,4,-104.10,/years/2010/
353,29,Cleveland Browns,16,296,478,61.9,214,13,2.7,18,3.8,65,6.7,5.6,10.8,186.8,75.0,36,5.8,4.7,7.0,1,2,-70.35,/years/2010/
354,30,Kansas City Chiefs,16,274,475,57.7,221,27,5.7,8,1.7,75,6.7,7.1,11.6,185.5,90.1,32,5.9,6.2,6.3,1,2,-8.83,/years/2010/
355,31,Arizona Cardinals,16,285,561,50.8,343,10,1.8,19,3.4,74,5.8,4.7,11.5,182.6,60.5,50,4.8,3.7,8.2,2,3,-159.18,/years/2010/
356,32,Carolina Panthers,16,256,484,52.9,346,9,1.9,21,4.3,88,5.4,3.9,10.3,143.1,57.0,50,4.3,2.9,9.4,1,1,-176.20,/years/2010/
357,,Avg Team,,327.8,539.7,60.8,234.8,23.5,4.3,16.0,3.0,72,7.0,6.5,11.5,221.6,84.1,35.3,6.17,5.7,6.1,1.8,2.5,-14.0,/years/2010/
358,,League Total,,10491,17269,60.8,7514,751,4.3,511,3.0,92,7.0,6.5,11.5,221.6,84.1,1130,6.17,5.7,6.1,59,81,,/years/2010/
359,,Avg Tm/G,,20.5,33.7,60.8,14.7,1.5,4.3,1.0,3.0,,7.0,6.5,11.5,221.6,84.1,2.2,6.17,5.7,6.1,,,,/years/2010/
360,1,Houston Texans,16,399,593,67.3,149,29,4.9,17,2.9,72,8.1,7.8,12.0,290.9,96.3,25,7.5,7.2,4.0,2,4,89.38,/years/2009/
361,2,Indianapolis Colts,16,402,601,66.9,90,34,5.7,19,3.2,80,7.7,7.4,11.5,282.2,95.4,13,7.4,7.1,2.1,7,7,164.84,/years/2009/
362,3,New England Patriots,16,390,592,65.9,104,28,4.7,13,2.2,81,7.7,7.6,11.6,277.3,95.6,18,7.3,7.2,3.0,1,1,76.95,/years/2009/
363,4,New Orleans Saints,16,378,544,69.5,135,34,6.3,12,2.2,75,8.3,8.5,11.9,272.2,106.0,20,7.7,8.0,3.5,2,4,137.36,/years/2009/
364,5,San Diego Chargers,16,338,519,65.1,168,29,5.6,10,1.9,81,8.7,8.9,13.3,271.1,103.1,26,8.0,8.2,4.8,3,5,110.33,/years/2009/
365,6,Dallas Cowboys,16,347,550,63.1,196,26,4.7,9,1.6,80,8.2,8.4,12.9,267.9,97.6,34,7.3,7.5,5.8,3,3,34.16,/years/2009/
366,7,Green Bay Packers,16,357,553,64.6,312,30,5.4,8,1.4,83,8.1,8.6,12.6,261.3,101.8,51,6.9,7.3,8.4,2,2,77.06,/years/2009/
367,8,Minnesota Vikings,16,377,553,68.2,247,34,6.1,7,1.3,63,8.0,8.6,11.7,259.8,107.3,34,7.1,7.7,5.8,2,2,160.28,/years/2009/
368,9,Pittsburgh Steelers,16,351,536,65.5,348,28,5.2,14,2.6,60,8.4,8.3,12.8,259.3,98.1,50,7.1,7.0,8.5,2,3,33.64,/years/2009/
369,10,Philadelphia Eagles,16,335,553,60.6,291,27,4.9,13,2.4,71,7.9,7.8,13.1,255.6,92.0,38,6.9,6.8,6.4,2,3,-0.58,/years/2009/
370,11,New York Giants,16,338,542,62.4,227,28,5.2,14,2.6,74,7.8,7.7,12.6,251.2,93.2,32,7.0,6.9,5.6,1,2,61.56,/years/2009/
371,12,Arizona Cardinals,16,392,594,66.0,184,27,4.5,18,3.0,45,7.1,6.6,10.7,251.0,89.1,26,6.5,6.0,4.2,1,2,-17.36,/years/2009/
372,13,Denver Broncos,16,341,558,61.1,198,21,3.8,13,2.3,87,6.9,6.6,11.2,226.7,84.4,34,6.1,5.8,5.7,3,3,-29.76,/years/2009/
373,14,Atlanta Falcons,16,332,570,58.2,126,26,4.6,17,3.0,90,6.5,6.1,11.1,223.2,80.4,27,6.0,5.6,4.5,2,4,5.22,/years/2009/
374,15,Seattle Seahawks,16,372,609,61.1,268,20,3.3,19,3.1,53,6.2,5.4,10.1,218.9,76.7,41,5.4,4.7,6.3,0,1,-92.30,/years/2009/
375,Rk,Tm,G,Cmp,Att,Cmp%,Yds,TD,TD%,Int,Int%,Lng,Y/A,AY/A,Y/C,Y/G,Rate,Sk,NY/A,ANY/A,Sk%,4QC,GWD,EXP,/years/2009/
376,16,Washington Redskins,16,340,533,63.8,307,21,3.9,16,3.0,84,7.1,6.6,11.2,218.1,85.5,46,6.0,5.5,7.9,1,1,-52.22,/years/2009/
377,17,Chicago Bears,16,340,563,60.4,204,27,4.8,27,4.8,71,6.5,5.3,10.8,217.1,75.6,35,5.8,4.7,5.9,2,4,-100.63,/years/2009/
378,18,Baltimore Ravens,16,321,510,62.9,218,21,4.1,13,2.5,72,7.1,6.8,11.3,213.7,87.4,36,6.3,6.0,6.6,1,2,-11.18,/years/2009/
379,19,Jacksonville Jaguars,16,315,519,60.7,243,15,2.9,10,1.9,63,6.9,6.6,11.4,209.8,83.2,44,6.0,5.7,7.8,3,4,-57.20,/years/2009/
380,20,Miami Dolphins,16,331,545,60.7,226,15,2.8,19,3.5,67,6.2,5.2,10.3,198.1,73.3,34,5.5,4.5,5.9,3,3,-43.71,/years/2009/
381,21,Detroit Lions,16,316,585,54.0,303,16,2.7,32,5.5,75,5.9,4.0,11.0,198.0,58.1,43,5.0,3.3,6.8,1,1,-148.76,/years/2009/
382,22,San Francisco 49ers,16,312,528,59.1,241,23,4.4,14,2.7,73,6.2,5.9,10.6,190.8,80.8,40,5.4,5.1,7.0,1,1,-70.07,/years/2009/
383,23,Tennessee Titans,16,271,476,56.9,73,16,3.4,15,3.2,69,6.5,5.8,11.5,189.4,74.8,15,6.2,5.5,3.1,3,6,-70.45,/years/2009/
384,24,Tampa Bay Buccaneers,16,279,524,53.2,161,18,3.4,29,5.5,47,6.0,4.2,11.2,185.8,59.8,33,5.3,3.6,5.9,2,2,-118.73,/years/2009/
385,25,Kansas City Chiefs,16,296,536,55.2,261,18,3.4,17,3.2,61,5.9,5.2,10.8,182.6,70.8,45,5.0,4.3,7.7,1,2,-106.75,/years/2009/
386,26,Cincinnati Bengals,16,286,477,60.0,244,21,4.4,13,2.7,73,6.6,6.2,11.0,180.6,82.7,29,5.7,5.4,5.7,3,5,-31.31,/years/2009/
387,27,Carolina Panthers,16,264,465,56.8,271,16,3.4,20,4.3,66,6.6,5.4,11.6,174.9,70.5,33,5.6,4.5,6.6,2,3,-57.72,/years/2009/
388,28,St. Louis Rams,16,312,543,57.5,284,12,2.2,21,3.9,50,5.5,4.2,9.5,167.9,64.0,44,4.6,3.4,7.5,0,1,-163.97,/years/2009/
389,29,Oakland Raiders,16,255,485,52.6,318,10,2.1,18,3.7,86,5.9,4.7,11.3,159.8,62.0,49,4.8,3.6,9.2,4,4,-181.93,/years/2009/
390,30,Buffalo Bills,16,256,441,58.0,274,17,3.9,19,4.3,98,6.3,5.2,10.9,157.2,71.7,46,5.2,4.1,9.4,1,2,-98.88,/years/2009/
391,31,New York Jets,16,210,393,53.4,216,12,3.1,21,5.3,65,6.6,4.8,12.4,148.8,62.0,30,5.6,4.0,7.1,,,-74.97,/years/2009/
392,32,Cleveland Browns,16,219,443,49.4,179,11,2.5,18,4.1,59,5.1,3.8,10.3,129.8,55.8,30,4.4,3.1,6.3,0,2,-152.34,/years/2009/
393,,Avg Team,,324.1,532.3,60.9,220.8,22.2,4.2,16.4,3.1,71,7.0,6.4,11.5,218.5,83.0,34.4,6.17,5.6,6.1,1.9,2.8,-22.8,/years/2009/
394,,League Total,,10372,17033,60.9,7066,710,4.2,525,3.1,98,7.0,6.4,11.5,218.5,83.0,1101,6.17,5.6,6.1,61,89,,/years/2009/
395,,Avg Tm/G,,20.3,33.3,60.9,13.8,1.4,4.2,1.0,3.1,,7.0,6.4,11.5,218.5,83.0,2.2,6.17,5.6,6.1,,,,/years/2009/
396,1,New Orleans Saints,16,413,636,64.9,92,34,5.3,18,2.8,84,8.0,7.8,12.3,311.1,95.4,13,7.7,7.5,2.0,2,2,105.43,/years/2008/
397,2,Arizona Cardinals,16,418,630,66.3,201,31,4.9,15,2.4,79,7.7,7.7,11.7,292.1,96.1,28,7.1,7.0,4.3,1,1,93.52,/years/2008/
398,3,Denver Broncos,16,386,620,62.3,74,25,4.0,18,2.9,93,7.3,6.8,11.8,279.4,85.9,12,7.1,6.6,1.9,3,4,70.84,/years/2008/
399,4,Houston Texans,16,367,555,66.1,207,21,3.8,20,3.6,65,8.1,7.2,12.2,266.7,88.4,32,7.3,6.5,5.5,2,2,-21.81,/years/2008/
400,5,Indianapolis Colts,16,393,585,67.2,86,27,4.6,12,2.1,75,7.1,7.1,10.6,255.9,94.7,14,6.8,6.8,2.3,4,6,101.97,/years/2008/
401,6,Philadelphia Eagles,16,362,606,59.7,149,23,3.8,16,2.6,90,6.7,6.3,11.2,244.4,81.4,23,6.2,5.8,3.7,2,1,-2.37,/years/2008/
402,7,San Diego Chargers,16,312,478,65.3,151,34,7.1,11,2.3,67,8.4,8.8,12.8,241.1,105.5,25,7.7,8.0,5.0,3,4,77.21,/years/2008/
403,8,Green Bay Packers,16,343,541,63.4,231,28,5.2,13,2.4,71,7.5,7.4,11.8,238.3,93.3,34,6.6,6.6,5.9,1,2,35.57,/years/2008/
404,9,Dallas Cowboys,16,328,547,60.0,199,29,5.3,20,3.7,75,7.3,6.7,12.2,236.8,84.9,31,6.6,6.0,5.4,2,2,-26.73,/years/2008/
405,10,Miami Dolphins,16,330,491,67.2,129,20,4.1,7,1.4,80,7.7,7.8,11.4,227.0,97.6,26,7.0,7.2,5.0,1,2,30.72,/years/2008/
406,11,Tampa Bay Buccaneers,16,355,562,63.2,169,18,3.2,13,2.3,71,6.7,6.3,10.7,226.2,83.8,32,6.1,5.7,5.4,3,5,-63.70,/years/2008/
407,12,New England Patriots,16,339,534,63.5,221,21,3.9,11,2.1,76,7.1,7.0,11.2,223.1,89.1,48,6.1,6.0,8.2,2,2,13.74,/years/2008/
408,13,San Francisco 49ers,16,309,509,60.7,345,21,4.1,19,3.7,63,7.3,6.5,12.1,211.2,81.4,55,6.0,5.2,9.8,3,4,-65.60,/years/2008/
409,14,Atlanta Falcons,16,265,434,61.1,104,16,3.7,11,2.5,70,7.9,7.5,13.0,208.5,87.7,17,7.4,7.0,3.8,2,4,61.20,/years/2008/
410,15,Jacksonville Jaguars,16,335,537,62.4,288,15,2.8,13,2.4,41,6.7,6.2,10.8,208.3,81.4,42,5.8,5.3,7.3,3,3,-22.38,/years/2008/
411,Rk,Tm,G,Cmp,Att,Cmp%,Yds,TD,TD%,Int,Int%,Lng,Y/A,AY/A,Y/C,Y/G,Rate,Sk,NY/A,ANY/A,Sk%,4QC,GWD,EXP,/years/2008/
412,16,New York Jets,16,347,529,65.6,213,22,4.2,23,4.3,56,6.6,5.5,10.1,206.4,80.2,30,5.9,4.8,5.4,1,2,-5.03,/years/2008/
413,17,Pittsburgh Steelers,16,303,506,59.9,306,19,3.8,15,3.0,65,7.1,6.5,11.9,206.3,81.9,49,5.9,5.4,8.8,4,4,-61.19,/years/2008/
414,18,New York Giants,16,298,491,60.7,176,23,4.7,10,2.0,48,6.8,6.8,11.3,198.6,88.2,28,6.1,6.1,5.4,3,3,18.71,/years/2008/
415,19,Carolina Panthers,16,246,414,59.4,130,15,3.6,12,2.9,65,7.9,7.4,13.4,197.4,84.7,20,7.3,6.7,4.6,4,5,-4.15,/years/2008/
416,20,Kansas City Chiefs,16,310,541,57.3,229,23,4.3,16,3.0,75,6.2,5.7,10.8,195.6,77.5,37,5.4,5.0,6.4,0,1,-70.43,/years/2008/
417,21,Chicago Bears,16,304,528,57.6,168,20,3.8,14,2.7,65,6.1,5.7,10.6,191.3,77.1,29,5.5,5.1,5.2,3,3,-105.03,/years/2008/
418,22,Buffalo Bills,16,309,479,64.5,262,14,2.9,15,3.1,87,6.9,6.1,10.7,190.0,81.3,38,5.9,5.1,7.4,3,3,-88.49,/years/2008/
419,23,Washington Redskins,16,318,510,62.4,266,14,2.7,6,1.2,67,6.5,6.5,10.3,189.1,85.2,38,5.5,5.5,6.9,1,3,-77.42,/years/2008/
420,24,Detroit Lions,16,281,509,55.2,339,18,3.5,19,3.7,96,6.5,5.5,11.7,185.0,71.3,52,5.3,4.4,9.3,,,-135.13,/years/2008/
421,25,Minnesota Vikings,16,267,452,59.1,261,22,4.9,17,3.8,99,7.1,6.4,12.0,184.8,81.5,43,6.0,5.3,8.7,5,5,-12.32,/years/2008/
422,26,St. Louis Rams,16,292,520,56.2,321,11,2.1,19,3.7,80,6.3,5.1,11.2,184.2,66.9,45,5.2,4.1,8.0,1,1,-164.26,/years/2008/
423,27,Tennessee Titans,16,265,453,58.5,83,13,2.9,9,2.0,56,6.4,6.1,11.0,176.2,78.8,12,6.1,5.8,2.6,1,3,13.75,/years/2008/
424,28,Baltimore Ravens,16,261,433,60.3,277,16,3.7,12,2.8,70,7.1,6.6,11.8,175.5,82.8,33,6.0,5.6,7.1,1,1,-66.17,/years/2008/
425,29,Seattle Seahawks,16,262,474,55.3,214,18,3.8,15,3.2,90,6.0,5.3,10.8,163.6,72.5,36,5.1,4.5,7.1,1,1,-65.33,/years/2008/
426,30,Cincinnati Bengals,16,303,513,59.1,271,11,2.1,15,2.9,79,5.2,4.3,8.8,150.4,68.0,51,4.3,3.5,9.0,,,-168.38,/years/2008/
427,31,Cleveland Browns,16,238,488,48.8,157,11,2.3,20,4.1,70,5.2,3.8,10.7,148.8,54.8,24,4.6,3.3,4.7,2,3,-161.27,/years/2008/
428,32,Oakland Raiders,16,222,421,52.7,270,13,3.1,11,2.6,84,6.3,5.7,11.9,148.1,71.6,39,5.2,4.6,8.5,1,2,-103.28,/years/2008/
429,,Avg Team,,315.0,516.4,61.0,205.9,20.2,3.9,14.5,2.8,74,6.9,6.5,11.4,211.3,83.2,32.4,6.16,5.7,5.9,2.0,2.6,-27.1,/years/2008/
430,,League Total,,10081,16526,61.0,6589,646,3.9,465,2.8,99,6.9,6.5,11.4,211.3,83.2,1036,6.16,5.7,5.9,65,84,,/years/2008/
431,,Avg Tm/G,,19.7,32.3,61.0,12.9,1.3,3.9,0.9,2.8,,6.9,6.5,11.4,211.3,83.2,2.0,6.16,5.7,5.9,,,,/years/2008/
432,1,New England Patriots,16,403,586,68.8,128,50,8.5,9,1.5,69,8.3,9.3,12.1,295.7,116.0,21,7.8,8.8,3.5,4,4,207.30,/years/2007/
433,2,Green Bay Packers,16,383,578,66.3,127,30,5.2,15,2.6,82,7.7,7.6,11.6,270.9,95.9,19,7.3,7.1,3.2,2,4,64.60,/years/2007/
434,3,New Orleans Saints,16,440,652,67.5,109,28,4.3,18,2.8,58,6.8,6.4,10.1,269.6,89.4,16,6.5,6.1,2.4,1,1,37.37,/years/2007/
435,4,Dallas Cowboys,16,342,531,64.4,185,36,6.8,19,3.6,59,8.1,7.8,12.5,256.6,97.1,25,7.4,7.1,4.5,2,2,90.41,/years/2007/
436,5,Arizona Cardinals,16,356,590,60.3,163,32,5.4,24,4.1,62,7.2,6.4,11.9,254.1,83.4,24,6.6,5.9,3.9,2,2,-47.80,/years/2007/
437,6,Indianapolis Colts,16,355,551,64.4,139,32,5.8,14,2.5,73,7.6,7.6,11.8,252.1,96.1,23,7.0,7.0,4.0,1,2,126.30,/years/2007/
438,7,Cincinnati Bengals,16,373,575,64.9,119,26,4.5,20,3.5,70,7.2,6.5,11.1,250.8,86.7,17,6.8,6.1,2.9,2,2,24.37,/years/2007/
439,8,Seattle Seahawks,16,371,590,62.9,217,30,5.1,13,2.2,65,7.1,7.1,11.3,247.8,91.8,36,6.3,6.4,5.8,2,2,12.63,/years/2007/
440,9,Detroit Lions,16,368,587,62.7,338,19,3.2,22,3.7,91,7.2,6.1,11.5,242.4,79.4,54,6.0,5.1,8.4,2,3,-47.34,/years/2007/
441,10,Philadelphia Eagles,16,350,577,60.7,250,24,4.2,15,2.6,75,6.9,6.6,11.4,234.7,84.6,49,6.0,5.7,7.8,1,1,-0.89,/years/2007/
442,11,Houston Texans,16,346,529,65.4,174,24,4.5,21,4.0,77,7.4,6.5,11.3,234.4,86.1,22,6.8,6.0,4.0,1,1,-44.00,/years/2007/
443,12,Cleveland Browns,16,305,545,56.0,140,29,5.3,20,3.7,78,7.1,6.5,12.7,232.9,80.7,19,6.6,6.0,3.4,2,2,-58.03,/years/2007/
444,13,Denver Broncos,16,326,515,63.3,175,21,4.1,15,2.9,68,7.3,6.8,11.5,224.0,86.7,32,6.6,6.1,5.9,2,3,4.25,/years/2007/
445,14,Washington Redskins,16,319,525,60.8,159,18,3.4,11,2.1,54,6.9,6.6,11.4,216.4,84.2,29,6.3,6.0,5.2,1,2,-13.42,/years/2007/
446,15,Chicago Bears,16,327,569,57.5,339,18,3.2,21,3.7,81,6.5,5.5,11.3,210.1,72.2,43,5.5,4.5,7.0,4,4,-98.91,/years/2007/
447,Rk,Tm,G,Cmp,Att,Cmp%,Yds,TD,TD%,Int,Int%,Lng,Y/A,AY/A,Y/C,Y/G,Rate,Sk,NY/A,ANY/A,Sk%,4QC,GWD,EXP,/years/2007/
448,16,Tampa Bay Buccaneers,16,316,490,64.5,222,18,3.7,8,1.6,69,7.3,7.3,11.3,209.8,91.7,36,6.4,6.4,6.8,1,2,-82.22,/years/2007/
449,17,Jacksonville Jaguars,16,288,469,61.4,167,28,6.0,8,1.7,80,7.5,7.9,12.1,208.0,97.1,31,6.7,7.1,6.2,2,3,60.65,/years/2007/
450,18,Atlanta Falcons,16,336,555,60.5,280,18,3.2,15,2.7,74,6.4,5.9,10.6,205.8,78.9,47,5.5,4.9,7.8,1,2,-107.52,/years/2007/
451,19,St. Louis Rams,16,333,574,58.0,328,19,3.3,28,4.9,40,6.2,4.7,10.7,202.1,67.0,48,5.2,3.8,7.7,,,-111.66,/years/2007/
452,20,Kansas City Chiefs,16,335,563,59.5,344,17,3.0,20,3.6,58,6.3,5.3,10.5,198.8,73.0,55,5.1,4.2,8.9,2,3,-105.50,/years/2007/
453,21,New York Giants,16,302,544,55.5,222,23,4.2,20,3.7,60,6.2,5.4,11.2,197.1,73.0,28,5.5,4.7,4.9,3,3,-95.78,/years/2007/
454,22,Pittsburgh Steelers,16,282,442,63.8,347,34,7.7,14,3.2,83,7.7,7.8,12.1,191.9,99.9,47,6.3,6.4,9.6,1,2,30.85,/years/2007/
455,23,Baltimore Ravens,16,341,557,61.2,273,13,2.3,14,2.5,79,5.9,5.3,9.7,189.7,75.2,39,5.1,4.5,6.5,0,1,-119.27,/years/2007/
456,24,Miami Dolphins,16,318,558,57.0,288,12,2.2,16,2.9,64,5.9,5.1,10.4,189.4,69.6,42,5.1,4.3,7.0,1,1,-104.60,/years/2007/
457,25,New York Jets,16,310,512,60.5,316,15,2.9,19,3.7,57,6.5,5.4,10.7,188.4,73.9,53,5.3,4.4,9.4,1,2,-100.36,/years/2007/
458,26,San Diego Chargers,16,281,471,59.7,170,22,4.7,16,3.4,49,6.7,6.1,11.3,187.8,81.3,24,6.1,5.5,4.8,1,1,-26.35,/years/2007/
459,27,Tennessee Titans,16,288,464,62.1,199,9,1.9,17,3.7,73,6.6,5.4,10.7,179.9,72.6,30,5.8,4.6,6.1,1,2,-48.43,/years/2007/
460,28,Minnesota Vikings,16,249,432,57.6,193,12,2.8,14,3.2,79,6.8,5.9,11.8,171.6,74.2,38,5.8,5.0,8.1,2,3,-40.66,/years/2007/
461,29,Carolina Panthers,16,285,505,56.4,206,19,3.8,17,3.4,74,5.8,5.1,10.3,170.9,71.9,33,5.1,4.4,6.1,2,3,-75.52,/years/2007/
462,30,Buffalo Bills,16,263,445,59.1,208,12,2.7,14,3.1,85,6.4,5.5,10.8,164.6,73.8,26,5.6,4.8,5.5,3,5,-97.57,/years/2007/
463,31,Oakland Raiders,16,260,451,57.6,262,17,3.8,20,4.4,59,6.4,5.2,11.1,164.4,70.9,41,5.3,4.2,8.3,1,1,-82.32,/years/2007/
464,32,San Francisco 49ers,16,274,513,53.4,365,15,2.9,17,3.3,57,5.2,4.3,9.8,145.0,64.3,55,4.1,3.3,9.7,3,2,-237.06,/years/2007/
465,,Avg Team,,325.8,532.7,61.2,223.5,22.5,4.2,16.7,3.1,69,6.9,6.3,11.2,214.3,82.6,34.4,6.05,5.5,6.1,1.7,2.2,-34.0,/years/2007/
466,,League Total,,10425,17045,61.2,7152,720,4.2,534,3.1,91,6.9,6.3,11.2,214.3,82.6,1102,6.05,5.5,6.1,54,71,,/years/2007/
467,,Avg Tm/G,,20.4,33.3,61.2,14.0,1.4,4.2,1.0,3.1,,6.9,6.3,11.2,214.3,82.6,2.2,6.05,5.5,6.1,,,,/years/2007/
468,1,New Orleans Saints,16,372,580,64.1,123,27,4.7,13,2.2,86,8.0,7.9,12.4,281.4,94.9,23,7.5,7.4,3.8,1,2,23.27,/years/2006/
469,2,Indianapolis Colts,16,362,557,65.0,89,31,5.6,9,1.6,68,7.9,8.3,12.1,269.3,101.0,15,7.5,7.9,2.6,3,3,121.85,/years/2006/
470,3,Philadelphia Eagles,16,323,544,59.4,190,31,5.7,9,1.7,89,7.9,8.3,13.3,257.4,96.7,28,7.2,7.6,4.9,2,4,18.71,/years/2006/
471,4,St. Louis Rams,16,371,592,62.7,366,24,4.1,8,1.4,67,7.3,7.5,11.7,247.6,92.7,49,6.2,6.4,7.6,2,3,19.54,/years/2006/
472,5,Dallas Cowboys,16,310,506,61.3,231,26,5.1,21,4.2,56,8.0,7.2,13.1,239.8,86.5,37,7.1,6.3,6.8,2,3,47.69,/years/2006/
473,6,Cincinnati Bengals,16,327,523,62.5,233,28,5.4,13,2.5,74,7.8,7.7,12.4,239.6,94.1,36,6.9,6.8,6.4,2,3,9.80,/years/2006/
474,7,Detroit Lions,16,372,596,62.4,388,21,3.5,22,3.7,60,7.1,6.1,11.3,238.8,79.9,63,5.8,4.9,9.6,1,1,-78.45,/years/2006/
475,8,Green Bay Packers,16,350,630,55.6,152,18,2.9,18,2.9,82,6.3,5.6,11.3,237.2,72.1,24,5.8,5.1,3.7,1,1,-70.90,/years/2006/
476,9,Pittsburgh Steelers,16,312,523,59.7,293,23,4.4,23,4.4,87,7.7,6.6,12.9,233.3,80.2,49,6.5,5.5,8.6,3,4,-1.92,/years/2006/
477,10,Arizona Cardinals,16,322,545,59.1,262,17,3.1,17,3.1,64,7.2,6.4,12.2,228.9,78.7,35,6.3,5.6,6.0,1,1,24.19,/years/2006/
478,11,Baltimore Ravens,16,328,524,62.6,100,21,4.0,14,2.7,87,6.7,6.3,10.8,214.7,84.6,17,6.3,6.0,3.1,3,3,-24.05,/years/2006/
479,12,New England Patriots,16,326,527,61.9,190,25,4.7,12,2.3,62,6.8,6.7,11.0,212.5,88.3,29,6.1,6.0,5.2,2,2,26.48,/years/2006/
480,13,Miami Dolphins,16,342,591,57.9,290,16,2.7,19,3.2,52,6.1,5.1,10.5,205.4,71.2,41,5.2,4.4,6.5,0,1,-97.49,/years/2006/
481,14,Chicago Bears,16,282,514,54.9,165,24,4.7,22,4.3,75,6.7,5.7,12.2,205.1,73.5,25,6.1,5.1,4.6,2,3,-64.40,/years/2006/
482,15,Carolina Panthers,16,325,539,60.3,222,19,3.5,17,3.2,72,6.5,5.8,10.7,204.0,77.9,32,5.7,5.0,5.6,2,2,-43.74,/years/2006/
483,Rk,Tm,G,Cmp,Att,Cmp%,Yds,TD,TD%,Int,Int%,Lng,Y/A,AY/A,Y/C,Y/G,Rate,Sk,NY/A,ANY/A,Sk%,4QC,GWD,EXP,/years/2006/
484,16,San Diego Chargers,16,287,466,61.6,150,24,5.2,9,1.9,57,7.3,7.5,11.9,203.9,93.0,28,6.6,6.8,5.7,4,4,32.25,/years/2006/
485,17,New York Jets,16,313,488,64.1,199,17,3.5,16,3.3,71,6.9,6.1,10.7,197.1,82.1,34,6.0,5.3,6.5,1,2,1.91,/years/2006/
486,18,Minnesota Vikings,16,332,540,61.5,279,13,2.4,20,3.7,50,6.3,5.1,10.2,195.2,72.2,43,5.4,4.3,7.4,2,3,-118.61,/years/2006/
487,19,New York Giants,16,301,523,57.6,186,24,4.6,18,3.4,55,6.2,5.6,10.8,191.1,76.8,25,5.6,5.0,4.6,2,2,-57.37,/years/2006/
488,20,Seattle Seahawks,16,292,512,57.0,315,26,5.1,22,4.3,72,6.6,5.7,11.5,190.9,76.0,49,5.4,4.6,8.7,4,5,-69.41,/years/2006/
489,21,Washington Redskins,16,274,470,58.3,147,19,4.0,10,2.1,74,6.8,6.6,11.6,189.2,83.4,19,6.2,6.0,3.9,2,2,-8.62,/years/2006/
490,22,Kansas City Chiefs,16,272,450,60.4,243,18,4.0,12,2.7,78,7.2,6.8,11.9,187.5,84.7,41,6.1,5.7,8.4,3,4,-15.36,/years/2006/
491,23,Cleveland Browns,16,318,512,62.1,349,15,2.9,25,4.9,75,6.3,4.7,10.2,181.1,69.7,54,5.1,3.7,9.5,1,1,-181.69,/years/2006/
492,24,Jacksonville Jaguars,16,266,446,59.6,178,17,3.8,14,3.1,51,6.9,6.2,11.5,180.1,80.0,30,6.1,5.4,6.3,0,1,-54.58,/years/2006/
493,25,Denver Broncos,16,256,454,56.4,196,20,4.4,18,4.0,83,6.6,5.7,11.7,174.9,74.7,31,5.8,4.9,6.4,2,3,-81.01,/years/2006/
494,26,Tampa Bay Buccaneers,16,296,535,55.3,196,14,2.6,18,3.4,64,5.6,4.6,10.1,174.9,66.2,33,4.9,4.0,5.8,2,3,-200.46,/years/2006/
495,27,Houston Texans,16,329,481,68.4,254,14,2.9,13,2.7,53,6.3,5.7,9.2,173.6,83.8,43,5.3,4.7,8.2,1,3,-71.23,/years/2006/
496,28,Buffalo Bills,16,268,431,62.2,332,19,4.4,14,3.2,83,7.1,6.5,11.4,169.9,84.6,47,5.7,5.2,9.8,1,3,-68.60,/years/2006/
497,29,San Francisco 49ers,16,257,444,57.9,205,16,3.6,16,3.6,75,6.5,5.6,11.2,167.8,74.4,36,5.6,4.8,7.5,1,2,-82.37,/years/2006/
498,30,Tennessee Titans,16,226,447,50.6,152,13,2.9,19,4.3,53,6.1,4.8,12.2,162.3,61.8,29,5.5,4.2,6.1,4,5,-99.52,/years/2006/
499,31,Oakland Raiders,16,263,483,54.5,430,7,1.4,24,5.0,57,5.9,4.0,10.8,151.3,56.2,72,4.4,2.7,13.0,,,-213.88,/years/2006/
500,32,Atlanta Falcons,16,222,416,53.4,311,21,5.0,15,3.6,55,6.4,5.8,12.1,148.2,75.2,47,5.1,4.6,10.2,0,1,-69.18,/years/2006/
501,,Avg Team,,306.1,512.2,59.8,231.8,20.3,4.0,16.3,3.2,68,6.9,6.2,11.5,204.8,80.4,36.4,5.97,5.4,6.6,1.8,2.5,-45.2,/years/2006/
502,,League Total,,9796,16389,59.8,7416,648,4.0,520,3.2,89,6.9,6.2,11.5,204.8,80.4,1164,5.97,5.4,6.6,57,80,,/years/2006/
503,,Avg Tm/G,,19.1,32.0,59.8,14.5,1.3,4.0,1.0,3.2,,6.9,6.2,11.5,204.8,80.4,2.3,5.97,5.4,6.6,,,,/years/2006/
504,1,Arizona Cardinals,16,419,670,62.5,286,21,3.1,21,3.1,63,7.0,6.3,11.3,277.3,81.0,45,6.2,5.5,6.3,2,2,-25.03,/years/2005/
505,2,New England Patriots,16,352,564,62.4,202,28,5.0,15,2.7,71,7.7,7.5,12.3,257.5,91.5,28,7.0,6.8,4.7,3,4,31.27,/years/2005/
506,3,Indianapolis Colts,16,347,515,67.4,95,31,6.0,11,2.1,80,8.1,8.4,12.1,256.0,103.3,20,7.7,7.9,3.7,1,1,157.41,/years/2005/
507,4,St. Louis Rams,16,392,599,65.4,315,23,3.8,24,4.0,83,7.3,6.2,11.1,252.3,83.0,46,6.3,5.3,7.1,3,5,12.72,/years/2005/
508,5,Cincinnati Bengals,16,362,538,67.3,115,32,5.9,14,2.6,70,7.3,7.3,10.9,238.8,97.6,21,6.8,6.9,3.8,1,3,17.65,/years/2005/
509,6,Kansas City Chiefs,16,317,507,62.5,204,17,3.4,10,2.0,60,7.9,7.7,12.7,238.1,90.1,32,7.1,6.9,5.9,2,3,27.32,/years/2005/
510,7,Green Bay Packers,16,383,626,61.2,198,20,3.2,30,4.8,59,6.3,4.8,10.3,235.4,70.1,27,5.8,4.3,4.1,1,1,-78.29,/years/2005/
511,8,Philadelphia Eagles,16,337,620,54.4,226,21,3.4,20,3.2,91,6.3,5.5,11.6,229.8,71.5,42,5.6,4.8,6.3,2,4,-91.91,/years/2005/
512,9,Tennessee Titans,16,358,594,60.3,200,20,3.4,14,2.4,57,6.4,6.0,10.6,224.8,80.3,31,5.8,5.4,5.0,0,1,-118.26,/years/2005/
513,10,Oakland Raiders,16,316,591,53.5,301,21,3.6,14,2.4,79,6.6,6.2,12.3,223.9,76.0,45,5.6,5.3,7.1,1,1,-57.75,/years/2005/
514,11,New York Giants,16,294,558,52.7,184,24,4.3,17,3.0,78,6.7,6.2,12.8,223.6,75.7,28,6.1,5.6,4.8,1,2,-11.79,/years/2005/
515,12,San Diego Chargers,16,338,526,64.3,243,27,5.1,16,3.0,54,7.1,6.8,11.1,218.4,89.7,31,6.3,6.0,5.6,2,2,-1.95,/years/2005/
516,13,Seattle Seahawks,16,307,474,64.8,174,25,5.3,10,2.1,56,7.7,7.8,11.8,216.1,96.8,27,6.9,7.0,5.4,2,2,81.56,/years/2005/
517,14,New Orleans Saints,16,308,553,55.7,261,15,2.7,24,4.3,66,6.5,5.1,11.7,208.9,66.6,41,5.6,4.3,6.9,1,2,-87.71,/years/2005/
518,15,Dallas Cowboys,16,300,500,60.0,298,23,4.6,17,3.4,71,7.3,6.7,12.1,208.8,83.6,50,6.1,5.5,9.1,4,5,-19.20,/years/2005/
519,Rk,Tm,G,Cmp,Att,Cmp%,Yds,TD,TD%,Int,Int%,Lng,Y/A,AY/A,Y/C,Y/G,Rate,Sk,NY/A,ANY/A,Sk%,4QC,GWD,EXP,/years/2005/
520,16,Miami Dolphins,16,291,556,52.3,158,22,4.0,16,2.9,77,6.2,5.7,11.9,206.3,72.8,26,5.7,5.2,4.5,2,3,-49.92,/years/2005/
521,17,Carolina Panthers,16,269,449,59.9,214,25,5.6,16,3.6,80,7.8,7.3,13.0,204.4,88.1,28,6.9,6.4,5.9,4,4,32.11,/years/2005/
522,18,Denver Broncos,16,279,465,60.0,146,18,3.9,7,1.5,72,7.3,7.4,12.1,201.7,88.9,23,6.6,6.7,4.7,1,2,1.57,/years/2005/
523,19,Jacksonville Jaguars,16,283,487,58.1,162,21,4.3,6,1.2,45,6.9,7.2,11.8,199.4,88.4,32,6.1,6.4,6.2,4,5,18.30,/years/2005/
524,20,Minnesota Vikings,16,323,510,63.3,303,18,3.5,16,3.1,80,6.8,6.1,10.7,196.6,81.7,54,5.6,4.9,9.6,1,3,-59.54,/years/2005/
525,21,Washington Redskins,16,278,481,57.8,240,25,5.2,11,2.3,78,7.0,7.0,12.0,194.1,87.0,31,6.1,6.1,6.1,2,3,-7.44,/years/2005/
526,22,Baltimore Ravens,16,335,562,59.6,293,17,3.0,21,3.7,48,6.0,4.9,10.1,193.0,71.3,42,5.1,4.1,7.0,2,3,-105.49,/years/2005/
527,23,Cleveland Browns,16,297,497,59.8,276,15,3.0,17,3.4,80,6.7,5.8,11.2,190.4,75.5,46,5.6,4.8,8.5,2,2,-106.69,/years/2005/
528,24,Pittsburgh Steelers,16,228,379,60.2,178,21,5.5,14,3.7,85,8.2,7.6,13.6,182.9,89.4,32,7.1,6.6,7.8,3,3,83.04,/years/2005/
529,25,Tampa Bay Buccaneers,16,303,487,62.2,281,17,3.5,14,2.9,80,6.5,5.9,10.5,180.6,80.7,41,5.5,4.9,7.8,3,3,-98.63,/years/2005/
530,26,Detroit Lions,16,297,520,57.1,173,15,2.9,18,3.5,86,5.8,4.8,10.2,178.0,69.1,31,5.2,4.2,5.6,1,2,-102.20,/years/2005/
531,27,Atlanta Falcons,16,247,451,54.8,228,19,4.2,13,2.9,58,6.4,6.0,11.8,167.4,76.6,39,5.5,5.0,8.0,0,1,-76.73,/years/2005/
532,28,New York Jets,16,268,470,57.0,347,11,2.3,15,3.2,60,6.4,5.4,11.2,165.1,70.6,53,5.1,4.2,10.1,1,0,-86.58,/years/2005/
533,29,Buffalo Bills,16,269,459,58.6,337,18,3.9,16,3.5,65,6.2,5.4,10.6,157.2,75.4,43,5.0,4.3,8.6,1,1,-101.26,/years/2005/
534,30,Houston Texans,16,270,449,60.1,424,15,3.3,13,2.9,53,5.9,5.3,9.9,139.8,76.0,68,4.3,3.8,13.2,0,1,-101.95,/years/2005/
535,31,Chicago Bears,16,219,418,52.4,199,11,2.6,15,3.6,54,5.3,4.2,10.1,125.1,61.5,31,4.5,3.4,6.9,0,1,-129.52,/years/2005/
536,32,San Francisco 49ers,16,204,389,52.4,292,8,2.1,21,5.4,89,5.6,3.6,10.7,118.6,53.6,48,4.3,2.5,11.0,1,2,-161.83,/years/2005/
537,,Avg Team,,305.9,514.5,59.5,236.0,20.1,3.9,15.8,3.1,70,6.8,6.2,11.4,203.5,80.1,36.9,5.90,5.3,6.7,1.7,2.4,-38.0,/years/2005/
538,,League Total,,9790,16464,59.5,7553,644,3.9,506,3.1,91,6.8,6.2,11.4,203.5,80.1,1182,5.90,5.3,6.7,54,77,,/years/2005/
539,,Avg Tm/G,,19.1,32.2,59.5,14.8,1.3,3.9,1.0,3.1,,6.8,6.2,11.4,203.5,80.1,2.3,5.90,5.3,6.7,,,,/years/2005/
